user_id,song_id,weight
703680,155818,141.7640752646031
801034,674816,9.57234782365631
872331,448393,-1.8614583140684433
975852,181501,44.12165265080358
563786,589532,0.31991539034148
680731,173540,3.7951180897947734
580347,467336,186.69592184345825
510457,683627,690.0781378328085
427619,139708,6.507766044926994
582638,111351,39.010273264489626
677984,222168,7.976075899966984
763494,116583,41.58363464229247
565110,776827,2.1208815418887252
229032,576192,1.211918789589675
789430,858686,0.7744973485546384
792900,697735,7.709165899580227
806119,720021,5.159080249737894
185660,358492,188.0943230972812
703102,892846,176.0578499462379
886976,359964,2.0752675568707994
228705,744225,2.692544942287255
685281,168036,-0.5168084000090273
457281,676985,228.89172304536976
687507,79564,4.3169502722667135
976288,853711,27.014129210849266
834376,660710,17.85043895176567
652344,412048,16.515921809534184
567610,695522,123.24916214866131
757732,561824,138.9516040189853
880154,289302,7.112241924842547
87420,368515,2.406109405488411
656073,500298,55.30502079368365
233136,230551,164.7691035272213
23425,168259,33.92652851224964
267531,712748,56.29087570829972
500785,600576,0.15655635145805563
464862,681692,0.7317518470368634
175764,731273,0.019660245855949693
485906,682351,14.848604067340572
564202,830738,185.00758051997894
39784,432562,0.16715229440810514
708871,945506,0.7803429266660014
960886,124092,1037.7564938607911
617317,481574,-454.6068857386837
432054,232504,14.77707185386509
888088,178147,0.03819441583468808
827484,175115,1154.736698910855
101403,810856,110.8166167294125
198599,930630,44.54415808003451
184614,885751,62.22530085473397
168685,991132,77.46797712285546
360936,181501,1.990439422363897
594395,467336,366.4380088496844
960230,944806,21.3930943526901
983077,453204,14.686730282702259
914527,19394,5.396955349569356
134594,361613,396.14554615816303
257737,322436,9.985374882898585
514611,742056,-0.5895163145603017
90287,46897,-0.2794196481663834
960206,155818,1.3211768798131363
196165,323222,2.003976078494396
847891,545918,53.235236528447224
927322,634974,39.996348175132475
728367,610392,2.01708242139584
138760,354754,-0.06359293850516433
383577,43041,5.113719941199819
756469,203088,86.54713971594641
263144,419839,97.22335682081433
688290,810856,71.49515924357837
229999,173540,67.84315718001284
873523,71619,28.273369145357687
826268,477242,10.982652144428384
196767,405050,130.096506550997
956139,429815,0.9534960025822121
853921,247498,-0.06519104391836875
642482,209007,39.35658458894524
192054,947232,47.7192389620182
991436,950081,-162.3309747794525
402936,359220,91.13767933529176
73483,343176,14.119129345313882
665395,696504,2.138273659764396
94128,191805,21.209691156417108
733443,784640,0.24470940774822972
145024,149616,17.811819790704824
87420,357060,16.16496711596061
939428,443963,20.15956142858667
845022,172970,2.549094540710575
73989,442208,1444.0696623444258
748236,43055,7.33404952512638
961715,780093,0.27046603764133537
789805,753436,11.461495026012676
321379,361613,3.9157986590821023
298171,137151,0.08038619227887074
473629,964047,354.03872714613885
961018,278805,0.21354642873146468
922821,845427,63.724735489106465
746758,543648,5.40041427317496
199796,923116,9.10388301239821
567276,361613,212.7448892732768
787431,76576,-0.6592255634249741
809388,421331,0.1735826868236761
956839,530632,18.962485167604143
645071,272457,0.8589408156007322
497095,958530,9.755292673990033
303215,325011,17.705970359850838
616654,166845,67.16361453500761
402769,429117,82.78743617022867
387838,789786,72.61456213123444
280445,278805,1.3389039422615057
921397,845427,10.479689749130708
5545,138995,1.3785854895085983
269328,843807,0.635380445326605
815960,358032,-0.6446607452743918
581089,175115,182.7201104538307
258600,343176,171.9809149582031
826214,124092,813.8525731954311
511970,378771,16.930984349218384
930675,569289,27.938766852601955
235465,677576,2.834344211682959
826533,665162,62.62652049462211
63167,457602,1.4000878190538348
749492,122935,7.377498621814208
115791,99737,-12.426716352149631
348711,494777,1.3722941984213743
457220,23763,96.35471644620588
87432,873790,-2.635349749124625
878123,935585,2.938293854662503
749597,695522,256.5336336725464
155431,668467,46.03884140416426
843911,156463,87.7223456030093
733993,301921,7.828145356969503
173252,259282,0.25326054596672376
304970,40691,98.94626271240065
667644,930577,0.39627263668778484
291936,218845,0.23163122057431362
853921,208721,0.855228045510197
809698,172970,29.696265188417858
212905,342381,32.9172596170776
548651,879365,2.0092994681327143
40242,332403,0.14564578853992521
629589,440242,26.283084625597088
572442,926341,10.838992932304839
862066,853711,75.60297582523678
690928,698415,70.12209527551195
880154,961450,36.645845895062415
838520,361613,49.141313965602755
950278,181501,193.95239431919222
705172,984203,9.094996207210619
525454,282435,634.3965044540141
94085,697735,28.976000790207763
742254,887902,10.952442076697396
204933,736860,2.094947764570886
418840,22989,0.524871834009618
459393,302116,-0.7636764397313853
387451,11502,131.99808937409938
127948,443525,1.2213374945533404
162715,975724,12.829867334342397
233407,175115,787.8427409414369
720908,172767,12.122889429025632
738689,940986,-0.17503083774541622
443869,159780,2.7104723992335207
965700,158396,3.577765998497875
760280,430087,118.24147922166482
535656,699356,4.617608757531882
545414,64135,19.361372651799858
706244,184702,-0.11726148426591912
14468,530577,23.417567394873323
473629,831838,111.41942554746265
927895,156463,112.20583906980883
321379,569772,0.144916316987503
714063,444328,255.3734660385953
413789,442208,2.4828101406673517
328648,442180,83.90571564800501
844831,825117,91.33061265986612
652162,530577,21.75091982082855
35301,581871,43.822614356166284
51309,200862,13.776658790127128
690928,622212,96.42941035943234
709789,569289,58.332898222111
307077,853711,6.163177564225701
583366,322141,1.7290490475105453
770147,964615,-0.5070577421529853
485327,530632,15.389458646973821
390708,919754,2.98588594234555
500243,580528,0.470217736916064
105101,155818,31.54540029334227
592059,835492,26.81700971360103
35301,19394,104.88447045614114
609299,513102,0.06008270580789496
922821,222168,45.0121398498025
606675,118072,-7.369051722941582
388163,576534,15.755554018312822
292139,795806,1.4316182772559203
428585,203088,52.040884906061265
921538,866793,40.45460098023009
269980,545860,12.505384826028575
739689,443963,1.0791641603769748
544870,62959,32.20617026315465
230844,30048,107.07582423326318
133694,429117,15.307619209998718
872098,65027,1.0017691560779365
304321,88581,28.904124917324964
922821,670344,34.66136478587923
602086,417921,2.6517583401677354
50241,929648,0.1209416051316067
523601,940359,139.49596886885578
428998,477958,-0.21176604464379375
386252,490812,4.433193312076829
527585,530577,17.10779587891895
672075,203088,2244.3683566379514
549879,719852,25.335406760036257
517910,853711,76.06168331887766
674938,923116,18.298653710377643
379468,839768,10.925434813334588
629329,359220,1.52393052818462
738689,139708,0.22683719861733398
836445,714905,69.24842333630357
728654,576534,6.94475627836106
162306,839864,9.48312296167385
677058,961450,50.37529370316174
696596,429815,1.7121592111432025
865119,810856,138.49645549026803
702370,864193,13.45916735377336
889386,342381,42.16279402683843
12778,676985,15.84582696161672
748236,683627,-18.234078914980337
146050,882140,111.47012098874865
860559,343176,4.76865472794879
501724,103828,3.017892877010702
629275,371227,-1.4102007379246746
767243,810856,147.44872048904216
648669,720245,15.15096273540713
873523,352427,21.20254699577149
411817,419839,59.500301093641866
379357,528099,1012.1976553666428
500846,156463,51.11103593237254
984969,107765,2.3118020887134754
31327,753436,205.7034638147009
144919,59550,39.28237181408707
52441,825117,22.91304025893136
17180,531167,199.98322381492014
113887,720245,2091.8866571121293
798629,366172,25.645528691953697
180375,257446,-78.00408475918921
677984,998913,13.832610489568832
991074,244124,12.979189913688653
202511,404332,46.06020974894086
749597,817206,32.39337129926511
540926,146545,-18.028185915037582
754834,341932,2.3978329581985363
84252,558292,0.8247287831721437
680396,707607,41.283890403614635
138343,732090,-0.0528941441305731
208192,558834,-7.458053464892027
899692,259282,11.723762645855581
578454,685284,1.5050986750415924
759507,875661,0.27331398576925087
212710,206710,0.7820898945396006
619310,337599,5.822145807036885
685281,860465,-0.07839890994423884
51230,697735,40.879049166276786
5545,964615,-3.037575735305181
46049,322436,50.69751213137605
560178,282435,208.85774063980278
865119,695522,158.3493334070811
478885,693469,18.223855231856575
197033,20822,4.304241356915925
519266,918042,2380.891963237285
900442,768391,33.266170639177965
731718,257446,11.117438699526284
703680,785196,60.54379900332202
779448,637840,4.224163400161604
366716,222168,4.363582636233984
412878,853711,67.71681315588002
569729,947182,6.013078338688492
213799,750287,8.600496052855448
905328,289302,-33.941035591488195
394550,969697,-84.7049559749501
10146,133019,3.7854460515679706
914075,481574,-480.9902550472823
25155,306419,61.533335620851744
837400,637196,0.1874320569761204
212905,741090,-19.083723966048517
485420,276693,106.26189493977363
617317,550395,1.5405092480843452
471115,628744,0.03329150486402039
308024,417021,-43.644411182163765
368320,512900,0.02140003500237337
901815,477242,99.01017863584248
704863,877336,19.062045612304924
780239,458201,3.3660461902980594
233229,589663,5.415897081462144
448583,590338,182.98668989191884
465371,720021,15.53394102616209
479968,43965,2.038275831350623
290643,2282,-3.7074653530265738
473629,964047,354.03872714613885
287882,625262,2.158956571104791
751813,156463,78.81041399311158
12180,158427,1.778494145617421
218067,720021,30.540782575022977
440649,683627,22.47401228337615
583366,290726,-0.42261747121774085
154142,961450,161.9650504461955
257365,110225,57.832601044381164
425980,560212,26.79744663501183
162306,952765,1.8151981850336067
717621,882140,17.80604038162783
941366,615562,9.985124190203749
926638,442208,-3554.3835040898684
805478,203088,499.8792556767668
278830,332403,52.337892596408494
892315,176088,8.054186781418958
728654,172260,6.963017840563881
687395,357060,-0.4669013214775088
23425,361613,342.63800744834526
996586,964047,47.99214484200901
13084,742056,0.04586922620747631
914075,617660,-29.196804433767333
303215,416657,44.489176871982295
30404,668067,5.329806775044335
655693,956375,0.19538614075857788
572295,457602,0.09277761936944899
388163,845658,114.30062447280693
275753,763239,-0.8678759559019782
508803,173210,-0.11315203910119032
320710,367555,48.92295322059776
178036,632927,74.04205077346109
415534,78309,69.20850481850937
939109,357060,66.86651997892658
233713,668067,0.9552028698717802
616727,810856,4.449985076665555
694983,617660,14.135137923039837
897835,252161,21.271227253724312
804132,412048,6.727761918119692
377658,332403,101.44877552417732
386404,30958,-2.573734787014805
776400,86690,3.05343441625299
133263,70231,24.236147587489373
909495,412048,-5.240129026552298
527585,121800,1.0864771173487198
3028,92051,-1.464334829365376
91756,930630,4.6335980162523285
367802,20945,5.389893936916649
274002,720245,-85.45653174267932
943078,161791,20.11112535832542
16583,325011,0.810491433556688
312559,660918,9.245271109682596
946410,306419,8.669314330830794
646566,88581,-6.356323161360328
958627,357060,4.395196294507943
798629,947232,64.39442330943038
198793,923116,10.921280705951776
629573,116583,7.150285576110608
535656,684955,1.605565858877891
320505,62959,1.6836160496277248
325302,853711,957.4705469206692
139237,124092,27.973829590110988
226076,224759,15.806666348875112
277770,442180,354.62578490172683
919883,412048,337.32687683563034
202214,124092,1318.1997043245683
385467,554209,0.08334723098348462
300804,685277,36.49983495689988
600619,611677,-1.1614135025395524
430771,442180,355.97644588995655
921538,259282,100.66740640496103
733993,301921,7.828145356969503
877276,831838,17.24966014646365
520152,368515,-0.9080864842402009
29229,543648,37.69022029205776
980347,887902,113.35639656263753
314971,14510,-4.119051838072918
872280,731343,99.00758723973325
647391,7239,-14.983489392564268
13713,947232,16.695666349491106
88536,47251,0.9350458176335653
533032,442208,244.1691216538326
149845,453204,3.675010172340706
461374,842353,33.01874231751402
397925,352427,-0.3019995937752468
748809,765421,39.00731971358935
196165,975724,7.475932511684429
550427,247498,15.758856535601584
198812,964047,13.94683303562729
361930,807942,0.7656834530344008
675367,481574,-298.4430558412947
981277,175115,10.47867891072398
550269,461718,-1.8768480831386338
872098,580997,4.149642161509522
29341,714905,75.18390725819393
501468,809910,-0.21407287948901538
581813,853711,210.10201736611864
687395,961450,11.351401479589624
468276,92883,11.08663506331817
623294,593407,8.193861131522327
515608,303318,2.69518375419892
968421,880878,0.2883257573770112
52929,968746,0.6581114997454605
393604,432302,0.17222738542779548
494116,419839,2.5794648244021836
52933,845427,5.797828607239889
49766,324722,1.019139047836147
751455,442208,-147.5256386721575
711852,419839,16.53668553329374
5334,429815,65.09780659979408
652344,622212,5.2259250931722345
616467,77532,-0.5533471987533919
400867,142649,0.5750571909353035
584174,684955,9.678481303448525
60438,680503,-6.07873194703979
30404,218845,0.0937232164430715
809698,918042,332.7508453913877
950407,285685,28.002867394251247
290858,865701,3.6057405913775455
132102,720245,-34.93402431238296
107122,810277,2.9415099364175403
376613,95297,401.2089861967015
52933,838567,5.338496531217416
756469,85370,181.48949712936525
197117,837231,7.411942354060399
628474,143964,0.10155519425624249
509031,62959,1.2335585028561353
238281,146980,0.5467442936555041
648400,901795,9.109992506288318
462373,918042,75.73209443758748
190171,720021,453.29477673227717
438811,593896,4.05096672517129
705897,163987,45.14225900237222
886557,161470,2592.3986846692374
948660,361613,160.7663004610145
428585,134783,20.572522785827516
154714,85370,80.03625927032884
381409,134783,4.263953975931219
466354,325011,0.3959535243691359
510457,361613,-59.579424802234975
729324,728573,4.311402733884387
328887,892846,-3.1040539302029666
983454,443963,3.539532151389811
841967,155818,34.29804285790229
294105,558292,30.03977063354012
688082,176088,15.26016153028503
208530,520514,-0.43730625154935265
5334,755701,0.37281870465553785
672617,904592,5.002437080490291
445584,720245,279.7485897735058
98012,481574,-11.534971314428109
757732,429117,206.59870429551236
651842,404921,0.2514897081927861
179421,332403,671.9902967588852
696944,467336,1880.467098997815
757708,805437,-0.0008092636440917358
745745,85370,183.37810967884965
773773,578968,68.48502424838266
830138,83760,57.605571630431754
816529,427016,10.653574471111998
74832,85370,105.32577482910638
786606,173540,8.895098497728767
728654,343176,17.06719340614157
641101,359220,6.070551053476974
662690,59550,-38.88269954204764
287882,720245,75.44205389234706
996946,581871,-126.78914521501913
831962,695522,42.68928844908463
980347,121996,14.544834570644385
675367,285685,58.09837015201524
32513,30376,-3.353527913075559
391289,765004,2.992237078792944
109353,712748,1056.8679136631056
91959,163987,0.20087385239682506
329918,543648,18.51299553028291
865448,797471,-0.9476012092394392
674371,483285,9.519578466650408
217484,139878,23.571890791225997
923619,341932,28.30110848155408
235465,677576,2.834344211682959
522992,683627,170.131554384627
259412,918042,175.44967061116532
109353,894544,-372.6475160987277
356813,64135,3020.805886524736
890152,30376,10.894980917071758
983077,359220,6.605554261777968
75683,343176,4.819696090508484
677984,132660,8.349699214007853
976972,318504,23.69671741328097
102809,357600,8.828279416254725
267531,936020,8.339249581279718
296720,905371,0.10112700574057795
738728,579967,-77.5941788967725
170321,155818,3.54075242077464
60438,772796,9.974138127931647
249667,232504,47.41008397405741
226184,282435,37.381228278279266
623294,245135,4.515557932408272
580758,955087,53.52911202030196
504578,720245,14.78423806658508
3859,417999,1.8392207569882746
267531,567422,36.529013662137395
763494,337599,60.513705945306015
748236,337273,122.25255711596503
46098,54879,0.607935080718845
179421,7391,373.06274787976236
816529,15238,4.699125411198579
249741,785196,429.1974907638904
742254,681692,13.792227274283468
149710,918042,514.5608195302959
943753,342381,32.96531348046252
565019,19394,119.86757761953308
239215,684955,3.7776926216576308
865119,442208,248.6795963757375
189144,879365,-0.24490735803990493
285752,631627,0.2643836507712492
82245,740537,1.8466715476845676
612336,595517,35.3004398492588
943405,706119,4.924920006148057
314004,175115,165.86928447640048
182917,878291,25.016658285613055
98220,358877,16.1441357574913
887152,656648,0.8625333721050704
525454,181501,358.6521939471289
307836,366475,1.8966313118827187
889517,210547,18.556285745903374
154714,175115,42.68288011339921
462373,191805,16.913119682705865
87432,139708,0.3269276895944643
993278,955087,0.3914116237503852
88833,481574,153.2865574826197
820043,853711,287.5427233499626
178036,419839,207.5541745687703
23425,181501,118.78125550756627
152292,88020,1.717687574802532
872280,746858,11.305647154157338
235170,647752,0.020457989475405298
157849,546334,9.29634927339434
870695,671635,12.201273852154618
475311,569772,2.0028905302635236
119912,964047,-6.536679098990896
229999,309284,1.1991869215839017
434435,359220,21.47813208865126
366716,653526,0.2272349447612949
983003,395742,10.05280232646148
462373,430960,7.762544041453663
385920,168040,279.421217941678
399241,110225,12.671440352709775
249741,83760,93.76318675374343
255238,593896,5.018824807270205
642482,377243,1.0224926808544812
583524,429815,-458.2375847768127
921500,442208,269.33520033938777
443018,299201,16.8911821160437
915822,501406,38.628587105552
578454,741090,-0.27099221189364586
725592,662929,-0.05602789358392961
299012,742056,2.2450557894773673
35953,993433,0.1060520666921608
388542,539831,5.437622441247912
987042,679564,3.2249305399575086
461672,285685,40.08440960510479
551116,942223,2.0154204054310405
904490,707607,29.49944426015403
245375,523230,-28.179448141646372
777914,46858,34.98851421194375
84252,27852,0.9767893921470444
141626,134783,334.8951052219895
32820,894544,27.637193484762058
446114,853711,163.8584554608715
280345,595651,72.66726038293243
788707,110225,62.63996273253676
588774,998913,29.670957141862143
940112,892846,26.127984750418253
685438,325135,56.10042472742565
704863,203088,151.9056614751254
287399,695073,0.022471382864691483
481517,965622,-17.07760643845991
36989,252330,2.407860938671467
149710,631627,1.6275571132876396
21197,8532,2.447817267117196
672075,707607,580.0260309053552
904490,353431,86.42362141531544
778023,924533,-3.5967391898645356
721041,40691,811.3802298296426
621581,479451,7.323207018097894
687507,368515,1.124736447267378
312559,753600,86.42507490293627
292231,358706,19.9536446245879
40167,685277,23.652402415406307
165064,792241,2.3448718647252393
858927,200862,6.710344021107987
960673,209975,6.712299576083735
743002,699356,0.17957953030454676
943753,706932,2.5608271307772816
849071,169708,2.249857441198124
933875,890120,-4.777117139229991
502855,161470,675.1617430947829
931636,866793,40.12347346254637
689551,859848,-27.71986363594384
905328,77532,8.565032807189382
864274,853711,80.96181596185968
854305,546334,57.00835357047813
912876,528099,6.338992513240073
801034,83016,-1.2001954430643826
641101,878291,3.6645717841120864
160531,838773,1.9666711255174059
456045,172260,34.56450851162739
820043,181501,52.813989540319476
980347,430087,81.48065001702109
546751,90870,0.8706575388502558
472734,993470,7.217197901501009
572442,182948,8.902061628430637
134594,975724,193.15271210723424
278830,821099,34.42138958830157
303215,799263,54.920908527852745
457566,961450,154.5541202399283
268330,77532,0.1892782845356946
651183,161791,567.7709444212895
784469,197265,3.468209522836792
538866,323714,171.13280464343336
396793,356630,9.130413388655056
55408,762652,110.8220508711797
956139,712748,3.2048377356694533
950407,429815,41.90626471145391
539688,354754,48.595739969072255
488972,427016,113.76762482922263
679277,463579,2.8061364968832714
717621,204071,1.3694902989542979
147687,323714,17.601232066312402
344387,804852,50.06823165733283
646811,603814,23.269008280785766
106422,559634,0.8280848855849172
400684,598237,1.656406712588319
83556,28824,37.11091860480883
857941,560212,1.6726386778270463
921500,712748,39.76830190065709
155448,159881,1.500830515421825
397832,271305,5.919305286651248
931303,914322,97.35059629084004
693315,422993,1.2355876463078637
960206,968746,0.5266388138876202
841491,581546,-0.6444194178674721
560178,429815,610.0264227608491
135234,964047,136.83058697174397
220422,454172,22.253973523124973
461374,359964,2.492766623435925
930582,431405,-0.38044435619690875
898340,959822,0.0645296025346187
537780,151958,-3.368242525331471
745745,332403,157.75970496831764
255238,785196,76.84448869480343
155813,546613,-218.49234220657013
462373,853711,64.66699805838152
810951,842353,19.95373738878644
428286,837231,33.97139886660925
363327,124092,156.28626871288185
517362,155818,252.11587892305437
676545,667218,22.709804208608226
718811,830738,83.90444708438865
272515,252330,72.88417071831536
386252,720021,62.6064725136636
461672,845658,42.5770900985777
767243,892846,155.74732804716336
290858,429815,214.41090242884118
548897,77532,0.7812536722726245
199575,858686,14.446277778880496
35632,172260,23.984731693346628
921349,652478,0.9239475940379831
548651,885751,21.512879875468624
764100,566781,0.5434107764234672
206430,78544,5.5083158837465085
822352,35691,-4.783427737486582
776400,124092,42.6975005184318
381316,79564,2.7785616060193257
155448,173500,0.43687292093838404
626453,168040,-240.43988919357332
879323,706932,0.47110935719401126
625230,427016,69.50084369263512
550269,467096,24.36537579074415
364412,794732,8.396374743683465
777692,172767,2.3884600392823083
917331,280800,88.78215801664032
621581,76655,-10.34182372249119
676547,707607,100.98422739068175
994557,203088,96.28278093567323
363327,811014,-2.0980287588425113
44344,124806,22.934853424012648
217484,139878,23.571890791225997
948660,825117,-4.381327611719831
470988,407444,-5.64592338823873
904490,576534,35.52551492545807
858239,617660,4.488728788989079
131584,541838,6.9669314469757175
178090,197587,-0.7005452748190294
81638,626176,0.584522792572215
160451,88581,35.883651068059585
893916,366172,0.27318081924100707
962823,964047,47.43082733132296
380320,418352,0.8160805027162622
680069,279019,4.995896607946951
329721,203088,1745.1423208908554
338687,853711,903.989926940561
665381,226012,0.9599368041881938
806610,172260,101.92218817458783
596439,682351,19.041574582972768
179421,168040,249.35756549527227
502990,19394,5.236622395301469
402706,155818,449.02094743203327
101021,515894,6.733034424399761
173042,481574,-136.31575993257104
329918,543648,18.51299553028291
208237,603814,13.784039925196883
696944,724817,77.74330413397496
763874,697735,613.0282242542131
185706,324421,2.4096392925008767
956839,945506,7.543651149010323
980278,477242,-2.543734636231745
388542,68758,11.725515654059912
229032,841918,16.676170797455566
889517,500298,10.844255325209092
212644,289302,-30.53679269148778
589816,665225,5.408149705230521
360936,83760,1.5871401970664165
39784,449050,0.4960394131930104
572310,853711,78.5935612606638
278374,746858,0.5044335627487235
848198,858628,0.5018836289273636
931256,530577,152.93796730045966
865855,354754,0.06277439434865954
826268,531167,231.4294510163766
933875,137151,4.43661467851405
224720,834789,33.83556154149542
109410,993470,3.595020612106856
862531,810856,14.438303929542522
473629,467336,2203.5004285625487
645088,892846,-65.90648301109128
606750,203088,1059.236258736033
105101,323714,44.833667318728466
714063,595651,951.4637838059049
994520,94700,38.428689780038006
930068,490812,4.675209377973113
611929,603814,20.213030882818796
767243,837231,57.193967798997576
314004,433133,-18.303363346399205
160451,88581,35.883651068059585
128643,120514,18.14816147102169
263666,936020,0.27682330888490503
329721,395742,43.50486258775089
500243,166932,3.8063698856854806
956839,209750,44.49115401151683
495790,137151,9.818819415233365
97664,175115,181.94484884895823
953808,71619,32.128565810402826
139237,271305,0.5570338911089364
235465,166845,34.42669293530643
345317,960105,-1.599664365455897
702113,155818,361.02462237958645
936230,720021,4.387998997848789
996946,256944,31.8809557239454
494923,203088,253.68460800985324
387838,419839,59.542087562415176
57955,882140,18.1373501458106
9072,968746,15.232574133865347
189144,849673,10.181262612653056
259412,124092,56.63148619148308
280445,445880,5.985177566939706
614659,860838,2.4569527957729673
317525,133305,4.585257132600368
248522,421230,1.8576672546954907
208084,707607,65.78838153518134
20501,720021,18.465727391895932
200749,422993,498.87968143580935
60438,7391,89.60840629523182
239119,531167,322.9292181874423
214829,368515,-4.246196786535235
717621,720471,0.38330343944524925
16583,161791,-6.181296911910928
149845,161791,0.11007885109515832
708871,945506,0.7803429266660014
594395,200862,22.69942388772809
962823,266299,0.8320746902730861
783758,244124,33.11553703677513
456045,926341,28.558703847982116
939571,181501,228.37859722115243
94085,33540,3.4509448575178423
677058,481574,1609.134038794223
261329,558292,19.95784478744738
738689,636297,0.38220097488051735
939238,347465,0.06935864204624059
811101,841332,-6.922225191503544
393955,404332,7.134032557146812
183541,660710,7.641526458978859
583328,955087,49.659886339643535
342670,467336,-62.166616559006215
869053,561824,152.50518362825866
759507,59550,14.769290757818839
285752,978372,-0.9219031493631048
520152,417999,2.407120522831432
166096,779403,8.908234820326683
23413,458201,0.10910598248693006
33893,12052,-0.10458169970267796
863527,124291,0.7252988980816062
255026,947182,7.721549844806895
252585,349340,-0.1932865700171883
550465,926341,38.13758635401779
676169,817299,2.849850163490383
714512,11502,-7.124125714199577
375550,648994,68.21672517753514
940375,353431,61.8737859684517
946410,493058,19.077480861593248
535656,244124,8.65683216660923
387838,161791,-234.48379722499556
690769,43965,2.7488853182516935
778959,850645,11.005479558492828
878123,941421,0.8779365062012751
930582,161791,5.241134520562431
32813,442180,19.346557400817662
877034,975724,8.353642555705841
405415,209750,243.37973797914273
802814,437750,2.9593118807363235
138760,354754,-0.06359293850516433
769063,33540,4.379527656059951
369563,308431,0.39388745668739433
863527,55333,0.8219793352049862
229536,695937,7.589224081396191
553919,298381,0.010791601470871607
307077,173210,-0.19989859093215023
891024,209750,859.5392798068336
674371,71619,36.361228959312676
679277,731343,19.177749249206904
208237,131361,-6.267752756728353
494923,203088,253.68460800985324
670600,510309,1.497337676350094
87420,322141,8.275918749422468
484907,203088,114.3596949728932
141626,467336,-225.74783600760261
643349,85370,428.1683028004398
804482,763185,1.198073753746847
46079,124806,7.357285864836706
920883,882140,43.84978843518943
221082,34924,0.781953861239097
148529,68618,-1.4661306726975145
835455,513102,0.6131901104444515
821723,744225,0.8790367760857188
381742,454172,4.538546199428204
84252,419839,3.3436155939057004
674938,165206,-0.20875985478000206
713609,33540,3.5919869685430847
35301,569772,16.024657565937012
323213,943114,11.837453272319474
320312,231924,4.155896103059514
406426,742056,-0.151279211632013
54907,279434,3.997732974563211
648669,99737,-14.314779886097943
343297,593407,3.645255642194695
936489,173210,-1.6344181971100014
739689,207572,-0.6565044613922789
983454,943000,-0.04588747394463956
328887,11502,23.605442387142997
984969,508732,-0.09965999766585104
415685,175115,116.36169256953221
154611,372792,-0.015223213806218727
788474,207572,8.744538695131022
10146,429815,23.10381860177614
5334,911765,-169.87694992151964
280345,500298,9.053019415462213
198812,697735,26.332773642868954
168383,475017,0.45440574611280504
128643,252330,3.8323591018808303
367242,737971,0.4794082965246814
227356,701088,82.5068441108073
962823,689022,-21.86386989381873
360936,765004,1.0748738213573776
825437,845658,130.2372024665265
314004,785196,50.981418239629676
983077,710003,11.523619104258529
956139,124092,14.880460910029838
9797,62959,28.324587939662255
427619,139708,6.507766044926994
926285,967776,0.7704482730593049
841967,918042,791.6801474669347
956139,156463,4.204627379753184
983454,117240,-8.402284104754427
197033,593407,-21.612011763527725
238350,313852,110.73490950181727
292771,683627,96.65866387439759
590674,284898,0.47363851814334557
652256,120514,41.328634172365724
379529,175115,107.34047216113046
831804,601564,3.2522120137102166
300740,442208,-80.34345225135093
781907,239589,1.5971888122751938
477165,918042,2132.755940981315
950278,182948,5.249203299147982
72732,276693,0.40364746472463364
734572,357060,1.749631163392939
541390,134783,3.6509848488459027
486723,918042,637.5533863579733
680069,83760,25.230224745669442
300740,617660,193.3509694881347
249741,810277,351.2294974903917
784623,166845,94.06156181534799
255238,407954,21.193660976447642
52933,172970,4.444296177858334
715340,59550,5.412416124114936
318613,968423,0.5129711944912291
996946,419839,424.9822561501137
170321,880878,9.054221376884517
24356,936601,-7.924103088991062
758559,373880,-0.15193293979223518
995474,685277,52.598302928268595
950278,111351,44.115520807169474
218312,528099,42.10003632710835
518921,442180,210.83258209576854
445584,202503,-20.761297968756068
641245,154970,51.464997925711245
962823,964047,47.43082733132296
580763,325752,-2.2476585968087273
891017,43041,9.025526378221668
588774,880878,33.053705093680335
484907,134783,14.917053734237252
102625,417921,-22.589387269005606
435858,631627,-0.8177462721898201
565019,676985,114.43916487562893
15762,397791,0.6538893003559779
952776,83760,112.41095887537142
321831,841918,238.10460271792135
9797,244124,31.694976204582026
909826,569289,365.1276300919326
702370,230551,31.91726434726615
436879,530577,81.1432598868871
461374,668067,11.746437934829501
931636,990451,23.44737880627946
511164,991841,39.04467220363848
552679,580751,1.7275652847813987
896821,181501,206.551076898801
864274,831838,22.150798969309054
558817,539831,4.4858601827574045
338687,683627,195.3918276299345
68322,807942,12.233516780542338
490549,99737,31.385042148398593
635419,918042,-8.795423665731347
784451,353431,53.886237722552394
321831,926341,-28.692121682721005
278830,716602,27.448421877434345
781907,239589,1.5971888122751938
756469,133019,18.40283958038996
154832,231924,35.372648217851115
845634,465904,-3.4562442133452707
393955,546334,12.341792204141694
307836,285685,23.258574347048754
372854,217961,3.411343003187431
380320,582264,18.552470564958675
138760,786341,-0.525040202164938
932825,161791,-63.331201203594546
475311,392334,4.172098543271372
908195,680503,-2.717244314076425
119317,974267,16.266792082256895
239119,977491,0.4385096806589245
572310,789786,21.266189980252463
642984,366462,2.4904260980364783
198599,866793,14.416327426779587
308024,417021,-43.644411182163765
763874,128283,168.86016294469854
514757,22156,0.609504821002615
858239,34924,6.361309002947672
97664,200862,25.533911810379
684086,466274,4.887804239125054
160451,88581,35.883651068059585
287399,372657,0.055218748629371865
164135,337273,110.08462296265411
143176,880878,16.025429350838177
145,430087,7.649579581890982
364412,681692,23.755337841435416
884287,853711,644.9799380501843
216482,71619,38.55846390371248
662733,759621,1.6245911600716214
299012,850104,3.63962996936847
583351,880878,5.818685618195275
416958,943498,0.14754917524587863
69792,733553,12.098573947112582
387456,595651,11.9776399327606
243896,252933,3.6138984833424597
152991,361613,89.91488018449472
858258,568205,1.685943288392101
46049,894544,83.42355631805704
502855,442208,1406.1039466116667
413862,442208,34.24770280979204
50105,278891,0.3533663167013451
863817,998913,4.7978776506310465
490549,422993,133.5869560166861
656748,840981,45.67871307124616
562020,965622,31.04062888978418
244421,530632,6.03683352594181
559800,43055,12.82806293472582
549429,853711,250.75600589261663
363327,837094,16.785943333429994
778959,353431,11.805354767410996
978744,305866,-4.498332502484923
833290,694628,2.2099781393718194
939571,361613,1554.325209229732
295282,914322,12.547116846440034
777692,693469,55.86176008126926
588548,357060,71.00162978816003
536001,814031,4.6136153122280135
321831,690691,43.30083815073619
764148,969697,-975.4776205113596
14688,655018,8.896429454896062
144562,765421,56.468014226378465
107122,311506,0.8971708084740622
812593,81663,1.6839628583423634
624871,974267,0.13142613394575764
674938,817299,2.8258032261690835
110303,442208,235.27115860921148
619310,230551,4.264959713076711
886976,595651,1.6122667151839951
292231,357060,123.15120735556415
863527,19394,4.003368849703465
927895,785196,64.51918725820109
175764,845427,1.286469307419619
888338,176088,-12.81494796741257
742254,427016,10.963319758720655
324446,453949,-22.482275535280827
652256,757587,96.3055545959404
680069,720245,56.86474127393393
784451,111351,113.13658086061945
677025,631627,-0.5246145363294
296676,923116,119.80356371899248
341782,222168,5.33298451274868
27282,685284,11.782496773278387
494116,155818,7.192287644933343
447121,528099,9.417788818888042
510562,230551,15.3379436856383
677984,124092,28.806554295530407
214829,546334,27.595664599836468
209564,405050,165.51594979436413
726374,912372,-0.059052462667396305
345522,235559,6.294932661775209
118098,513102,7.428492047491826
786606,467336,21.089224524651083
17180,913809,35.553435168882736
889399,853711,683.79549398138
846172,155818,88.83761777762192
67558,307791,-16.986465440356913
929711,710589,23.002196374950366
698431,693469,203.12561681735346
488932,992122,44.749404771471546
541424,154970,38.23984471212132
160531,75840,0.24108632304828204
168346,481574,-412.5285424463142
447968,418786,2.94166421455743
663510,161791,-7.722548818356887
435858,97764,4.514470993716727
805478,442208,396.60413769013456
551116,676985,10.879682072650784
792165,467336,104.7124334595945
30144,250431,19.696052523992236
1539,158427,45.584128678812164
982806,660174,1.306963970448142
119317,24488,214.9943890054851
417037,323714,-0.6081420872570429
617795,728573,-11.949122491819379
213860,579967,0.9003920009833468
783042,528099,421.66384728533995
820043,576534,7.091618369384041
513869,720245,46.1757922052743
292231,720021,3.1703893447507125
872280,821099,113.33571166258527
418840,546334,2.8799868742694748
24901,467336,18.706810545791882
945432,887902,1.6099384509345385
243588,121020,1.747753114058925
782334,615562,9.009493807245326
961018,282435,11.521048389829593
735011,503267,0.7688895900577309
395918,558616,0.6615932303686607
82245,825117,5.37251304279223
40167,222168,43.03912325330719
187469,124092,260.7273343576457
59627,230551,8.219643458651316
173108,658396,0.2883468147955083
280345,312649,8.54233221360704
537780,151958,-3.368242525331471
792900,842353,10.702978623409516
249741,683627,1037.9013708343782
109576,681692,7.796657267942044
994520,62959,53.6170930732646
676547,383272,14.43840873422962
377863,154796,0.47743729219263936
387456,782278,12.655492510608628
381409,842353,3.444435702597097
22741,619680,0.13810568020771144
978528,578968,231.89680462368042
112134,15238,26.499662784615396
916590,19394,-0.5003701099331991
200749,652478,1013.6643241480639
940045,50627,-145.95890650065485
457741,82472,125.18943049322493
999975,337273,2.2397389487768744
702113,124092,2010.8066344515307
445459,617660,217.681650835537
560178,347465,95.60657726380937
927331,950005,5.487086225959006
208224,837231,4.872523821039543
183541,268162,10.520342069224382
572310,586320,-2.6059855728790864
413789,156463,47.17045247804905
272968,853711,99.24832232725868
580758,579967,30.80815490369416
971290,15238,12.439324759046979
428585,134783,20.572522785827516
127409,251377,-30.221031451699155
772157,124092,7651.301425364239
300804,493058,38.656530784670686
834971,761992,4.861615852009552
146170,772796,23.75165276489623
596916,442180,84.75147127482741
694461,833579,3.924106267395105
687395,357060,-0.4669013214775088
226076,546334,139.62240666181913
878123,50627,3.9042451610822333
198694,397791,149.95309385272571
670600,510309,1.497337676350094
469180,610393,1.04750441917922
572442,716602,6.489954510797249
237425,62760,5.805937991232595
999975,765421,1.589226576211963
826214,124092,813.8525731954311
351038,682351,62.591749865367746
708871,358877,18.869609872451715
893916,464465,0.08222728888012154
202173,531167,-48.06957506779808
40167,853711,280.61781836736105
980347,13960,18.99509274162907
553396,247498,7.684830648661792
845632,618540,0.1420493504494695
386252,979791,-1.199909448527575
601817,843807,-4.822937403300032
204933,27852,1.03529015553069
578454,231924,6.4021369071569465
983979,79564,4.897878736700486
767217,752391,-78.43498513984163
178036,707607,1031.673506500545
572442,817206,1.3140004504921343
508803,944806,2.9443702097804465
217877,779403,18.86381178154626
860559,378771,14.080842926622488
198694,442208,470.68913698638784
13084,944806,2.904006385698925
994931,220331,7.296117464906555
489729,629128,-4.608649100495974
564202,429117,20.35537598774679
617317,902478,-0.8700362963911377
452902,449058,3.763508909650614
820777,417293,19.400350500357803
784451,707607,111.20130119014054
509937,194983,3.3380310006234786
518921,442180,210.83258209576854
316303,442208,764.024450570786
583366,322141,1.7290490475105453
500846,404332,32.05724798768288
921349,593896,0.21723217685378107
589816,200991,4.162175704637663
838702,892846,-10.044742998877524
777914,945506,62.80955173353727
536265,622212,9.236149821451871
617317,481574,-454.6068857386837
834971,500298,9.063412011552463
991163,825117,2.991477893928225
235413,154970,129.3100233879272
485327,563716,7.668520331330989
143176,880878,16.025429350838177
104494,493058,197.95202902346588
846172,958530,2.628903658793558
183697,419839,15.271576843803679
208237,984203,47.78649784538496
182917,772796,4.5832476822540835
307836,578968,30.514307212125217
21485,697735,-110.85834075101899
662733,263311,8.474657049969844
633800,960493,0.044717789533503596
804583,59550,113.96111760494595
518855,165882,-2.851989310094105
239119,892846,95.14058250459952
387451,341932,26.311048229564246
365616,68758,2.344604389420844
173108,530577,9.125382735877807
867717,776827,11.698590971099264
300740,810856,49.77572220750715
405415,166932,110.2994902472974
150265,122935,8.885335963944273
226184,193033,0.1498132636814301
887167,62959,-16.77998442595808
533645,936020,33.022370992147515
320505,357060,3.7292973466672756
921500,849673,10.474039848404423
548221,610392,34.29079925717481
368452,467096,37.91355178901655
363878,230502,0.040831785629627554
212256,284898,-12.300729466671346
980347,419839,330.8346107967184
943078,974267,51.49559849791697
779163,203088,306.67902184093356
757708,528099,0.2819929812155155
583085,6139,2.849242777132799
30727,217762,1.8585196373779342
561339,887902,0.42866117461846004
909495,693469,17.264422144828476
374572,134783,79.5725243326739
884287,134783,98.42337313462336
901815,155818,312.5399663974308
477165,926341,174.34614127808928
721041,292823,185.40478530768038
68322,45981,6.173443368903797
951876,263311,37.99589958167263
875919,772796,1.944233508202698
632109,364227,57.80100621158487
773773,885751,30.297596432840244
956839,11502,85.88925488928146
301337,361613,320.4203239487306
675367,969697,142.5535798426055
145284,379168,-6.847471302132749
858239,222168,8.74096929178593
102809,132768,5.472346496335643
136343,707607,20.420132465773317
873129,720021,20.66580770652877
743325,166932,18.57885437840316
344387,322436,-37.77857824010021
280445,361613,33.18755910091891
83556,175115,250.6065958931705
220518,362489,7.9712885614404385
185706,944806,12.338160677751349
750533,768391,4.033561665412026
834971,733338,3.6780096450244892
107122,33540,-0.184443192216676
757708,828986,0.19433185876586864
879323,417999,6.577034688660017
185706,85370,106.24921490549109
387838,358492,120.70882000902401
152481,421381,4.794089163174675
435311,530632,8.248757782119952
385467,890771,-0.11085442037840869
890152,64135,60.17116353047739
909244,838276,2.5424663391080053
749597,811014,88.76290335095561
833025,299199,2.9246165701121987
515608,701088,8.059101658928371
194857,449050,37.763952990458264
617795,481574,-1070.4495735729652
584862,681692,38.77795747962426
890236,912312,34.501148681235144
749597,311506,28.959457899728697
217484,121800,32.785565615960664
546836,68758,16.648177184613388
615851,720245,30.991037322662482
202173,341932,0.3527842603639006
547245,337273,113.91386711616423
130948,648801,0.9633227344959809
24807,494777,0.766862974025588
819064,22989,19.75509556085957
499564,706119,10.845301151909089
310461,531167,1230.4615709672069
676547,982698,8.375233935659013
405415,352427,125.46822100931824
625230,99737,-1.223754196911588
308469,510343,1.9223277667801597
609299,203088,33.58252585765768
51230,817206,33.0569514605358
227356,361613,40.04849377609003
824555,639983,-0.22176766807210793
933875,807942,-15.545367028792596
208237,172260,97.65902950652621
782910,855224,2.3664142782677864
510562,22989,1.6388129784913774
917325,768391,0.39535629569546327
425517,508949,80.11730452268422
223302,513102,0.06658966144093777
233229,543648,39.268139338502976
307077,222168,0.5669772496103559
958627,890120,4.05508178165395
889399,461185,5.262098402039627
749499,767751,5.293301904277406
46049,789786,116.15012543536174
137040,720021,3371.4425862863613
88225,626986,37.98106275080318
788474,207572,8.744538695131022
120748,944806,2.8823058971607773
455432,280800,53.664450704168054
798629,501406,4.5644406546316905
856725,505424,20.184323565831313
694461,365434,0.18034639155117785
569729,947182,6.013078338688492
444135,337273,297.4599843954009
619849,915961,-2.1669855920659065
377319,944806,14.459137017245965
550427,720021,43.4903493517306
51230,853711,1250.1891596276707
374572,656648,-1.384631911820022
12180,34924,-0.16331550426156854
150265,660174,18.2304389668141
227443,166845,64.95632997432092
314004,332403,61.2842837458735
135153,493058,13.162892637630216
91355,71619,10.480468080053617
301186,361613,1661.6596067313014
195691,853711,210.1466671257388
174752,969697,68.83019905237165
336630,717014,0.6092914163856956
191061,896897,0.057695995948168946
602086,955087,5.6157194730284825
992466,610392,8.886871117098595
633398,959822,0.21623077819897044
655693,419839,16.008739155768502
572310,467336,112.80121395639635
993698,845427,24.451011088173374
12778,508949,4.425279222901891
370851,81586,25.5772439969376
568086,733553,-4.272798450273937
101403,810856,110.8166167294125
400288,127368,1.5365781849795024
202214,176088,113.14752178526683
106743,272463,59.46053304727796
117383,426319,0.7373291467036652
804132,163987,10.994432828421548
233136,745054,98.00564279036873
103719,595651,730.6508848698275
857999,205688,307.0037277486376
522992,285685,45.92688388162911
830138,467336,-176.5084923349277
387451,950993,9.727214692551707
992466,19394,4.435807868420001
593103,427016,24.97801901852688
784715,662929,191.32163712748155
125115,357060,0.8289357692502205
523601,327235,36.139132676956486
249667,98678,-136.64757613038046
908195,158535,2.2921419982909694
179421,683627,548.7538075801539
725592,313536,-0.07847728814461086
235413,59550,588.2421680328471
385510,560212,294.2905859743266
495692,139045,0.22407173536364394
271278,490812,0.8886176865988286
887200,429815,492.84768160462517
169645,343176,18.665978756061957
983674,414172,47.071210300199915
889399,111351,52.09020652584667
729972,361613,1748.6729146492426
980347,197651,32.280482307968065
213860,356630,2.5911766334015196
685438,918042,2669.9127043395088
173042,466431,22.24517185366745
454428,354754,18.018864418437136
385467,298381,0.16065478630487776
590674,760269,1.834927614186385
567216,772796,6.060616338375318
40413,313852,14.594163739490662
279138,337610,1.4820681831311895
135153,853711,185.04320533197665
143176,878826,26.694262116364772
871393,918042,128.84281858351116
25383,765421,38.18243495051808
779448,467336,93.20489249442655
113887,831838,190.33899979789766
70420,417921,0.3852183581740308
154186,719321,1.152702306193163
583085,419839,32.51404764785103
179421,325135,115.5611587317262
872280,203088,1235.2928457135572
753692,660124,10.883498432870587
544870,298381,-15.660448906783108
326381,21244,33.16001500582786
212644,865987,19.271024869385805
398903,628744,-5.84690616289647
939109,375031,8.0373263783558
435858,244124,31.388721838619617
915822,610392,487.49312637538145
617866,740537,0.14311139298786366
24901,172767,-0.4433895136278731
472016,158396,4.576449231268477
117648,85370,297.8417731458382
956139,161470,10.065740832848103
101403,634974,43.870485053762536
921349,600576,-0.16601262864680214
784623,219307,99.73382212619438
909244,166703,2.708736475866599
662690,880536,2.53437745288455
275713,974957,16.957076005315546
674371,865987,26.348739806280783
550465,30048,-1.5263465815420416
987042,956375,196.5967361691592
994374,563793,-1.3889523856741999
264895,230551,-0.012624406496127935
132271,873407,9.391305884707455
497095,175115,235.50703472439125
663510,324722,0.08373445955723954
504078,712748,2.9235778228503664
166107,404332,1.0991208337026337
580347,467336,186.69592184345825
349749,120514,13.685575655543332
314971,121308,9.858711208627371
607890,843062,0.05559656113163701
738689,695522,-0.15153153083637325
88833,369424,41.91875876715181
927331,81586,50.49152106506139
701078,676985,0.2959364086113294
798629,720245,572.2682329365632
98220,940359,3.466754713824335
12494,169708,-0.5299288469631235
890236,930630,16.405472444583285
14468,675314,8.663757433416132
92970,697735,88.36759383158653
830138,442180,299.3742452241204
705632,569289,56.98616998797345
857999,569772,19.229717734631205
534751,853711,403.2099267837962
506480,247498,25.196812693184253
322877,371227,0.29668627534608905
235452,359220,14.461726028561857
132271,138281,1.949009722722515
134594,46696,35.1640664680422
441435,682351,107.5612748612639
558817,528099,19.277105722376163
15762,189673,0.0033438688076026027
687155,823729,3.2915693763866902
531278,830826,-1.3088537802577858
145284,790991,-6.906038707482334
954515,845658,438.2413130774702
178036,181501,173.28486274151678
995474,843062,-0.03028546147888099
778023,882140,4.678779148004465
700784,606225,-19.063881765699566
665381,737971,5.03051733178149
541390,134783,3.6509848488459027
198793,322436,6.942322952597396
326381,610392,113.5946709089489
770147,133305,2.114452695159669
933424,780093,0.07528140178353943
886557,395742,-44.44027372434597
402936,913129,16.57797261761379
189623,467096,54.15474496890593
74017,482465,15.700158663836415
71369,728573,9.11820401021009
991436,916093,29.820232712436937
583351,161791,4.884097967269431
46049,956375,542.9390139964702
613750,513382,-0.08273320120778611
527585,154970,6.779163485887071
770147,842353,9.880895696790327
951876,211286,24.825440452734203
959850,580997,29.119509432526524
837400,809762,0.6203702948254898
798629,124092,1133.3081483142241
508580,442180,306.65173778189785
225106,589953,-1.6992646713745556
875987,161791,-17.902012448449916
144771,181501,14.324131236769686
476123,197587,-84.41820296988777
872098,173540,3.3870655443903086
271278,921639,0.3101595826531729
821622,991841,82.65526160055403
153473,11502,58.095925637930684
819316,923116,67.2271179334962
485420,653526,6.1361701797435035
749597,968423,-20.591781508173053
589816,166845,1.5801642745268931
88536,90870,-2.697952265105694
492335,313852,257.22583341853505
764100,66853,2.4069795774563962
421038,6139,1.8137844772317706
965592,835492,14.791955799472206
909173,576534,17.434747654825234
836445,714905,69.24842333630357
72444,119506,0.5205798395718764
454933,19394,29.730176103436627
498989,158427,43.32892336667847
918090,720245,19.920866809073686
855085,644221,43.85957927240345
875987,755701,4.67171212304388
425517,419839,280.2385449600393
160199,671635,0.30472935893616937
590674,239589,-1.7217854526226335
399905,133019,11.998145508044846
699658,178147,7.4868397976995835
599046,825117,3.081433273678506
263144,558834,39.53760137301138
940375,359220,120.42189372423378
499932,865987,12.155007331705992
457220,984203,144.82754610602407
352318,827034,5.422449320460171
292139,327235,37.47139290623005
718042,918042,244.1159331338372
652344,412048,16.515921809534184
539688,716602,113.85276475009195
569192,657582,25.713270983235248
589614,776827,18.519962206436485
792900,550395,6.123947850046077
653180,342381,27.724738050268357
904490,134783,259.4955690304361
55408,538378,62.46212300369931
220422,837187,-3.081500961295384
709535,950005,0.06908315312943668
417037,392334,3.246902758880546
88536,742056,-0.47696639399293467
12180,600576,10.353232101841794
264058,740213,-0.21093279116137628
23921,689022,-1.5651809912922665
339740,885378,0.8887996013332755
594395,134783,85.15982206818245
748640,92270,-31.919678383279802
517910,209750,7.864556329001691
446114,181501,52.588938581679336
705897,430960,18.895147757012655
67558,395742,378.575238891646
439346,343176,17.98144846406724
828331,161791,-26.344356930618513
892491,200991,11.904465771809406
931169,298381,17.197513704760016
189623,640865,18.53864532226751
397925,404332,-13.82695250221473
956839,731646,-1.408578180213668
36970,660174,31.738093819019554
106422,559634,0.8280848855849172
141927,618578,-1.1577418537795285
391289,955087,-8.764310576405396
263666,689582,3.379589254800662
12180,600576,10.353232101841794
489729,850645,16.695985442185208
789805,652478,14.9377008567431
491298,279434,0.1172035495421146
572442,337273,23.964253356804438
117648,660710,0.642269510965392
280989,414172,0.9055307575186101
328887,90870,6.851500877485916
317525,132660,5.207973278648051
322417,935585,20.199315305357683
85151,785196,18.510230441934226
38878,918042,198.6163246529037
731718,232504,0.8621813655114368
607020,107692,5.350244480682937
403396,618578,0.2320641308940628
920883,354754,8.526045444990869
98940,366435,-8.266459470217793
229536,212366,8.344207309862739
12778,975724,16.714852822048353
509937,998913,15.249096172482773
784616,3894,21.446781599203522
877276,668467,3.1052032204705737
784623,352427,108.55322931062862
632522,742092,15.642305047038036
400288,222168,21.7224975304778
382421,209750,46.86308005896675
669256,442208,558.3688682422263
805478,683627,169.2584193470185
199575,850645,57.02527973035604
429368,212366,3.557671313102949
502855,853711,1741.0047125576396
679107,384028,2.5156367747128328
55053,895595,0.1905417226036483
675367,361613,539.7137507688357
672075,429117,74.27659909854547
790888,168040,224.7737167491535
927331,109628,18.433710613072503
654489,202503,-27.508674128647385
139237,354754,0.5088989514448178
152478,203996,-1.0646014154911627
259799,710003,2.9086937498141996
8900,964047,13.617832605495504
920883,660174,22.963962780829725
55408,682351,1931.4060942855767
314971,720245,309.4676849414474
270111,415782,0.47594853898511624
705632,569289,56.98616998797345
118488,752391,1.5427728921810195
923376,309284,0.11181806282155338
185660,866793,50.79130423278008
72444,890120,-2.5134056641391194
30144,712748,72.44448421622967
266071,28920,2.7570601566903314
984969,252161,1.5954178107043389
40167,311561,64.87512524493143
173042,601908,15.156313722167763
102901,543819,0.020121900089380286
390708,845427,28.522899821389476
30727,20945,4.3252948856006315
143176,78544,2.347479708388196
709789,958530,13.454335244022486
160199,390190,-0.05205166421308472
960206,85370,3.413340887122986
161042,962732,-7.4115401975702095
402769,926341,106.96639443146445
202335,617660,-117.11192372072924
642482,246334,-2.307146995410612
519266,63682,719.4498773166792
312559,913809,20.060120074300837
238972,950081,0.8496804795895089
325302,155818,312.0176118281969
267531,964047,59.81119942645394
508406,312649,9.006340730993912
960206,745054,0.20850183866359073
994931,814246,0.14421671952904094
820860,839911,23.90301326526233
32806,940359,9.459452458787329
424504,546334,8.336128053595825
314004,442180,186.5772741133865
837172,442208,1070.2046924321464
393604,453204,3.7942974585952043
224720,95297,270.639761779106
695893,670344,32.7913589623075
393955,85370,55.14120930527476
367242,431125,2.30365860732096
711400,887902,5.3295344494357915
484907,265980,0.5116213494550412
646566,64135,41.20144482270893
102625,24488,391.6763880619537
888088,676985,15.80758788470145
681518,821099,-0.8051413801986916
749499,230551,7.1916039269675425
728367,322436,3.7390266735457747
787676,672235,-0.5348528193358811
978528,429117,71.72660337329124
677025,508949,6.1686822190339665
91756,785679,1.176420537501721
549525,853711,156.94698459017516
787417,359964,35.65825973007545
923619,270910,2.3527670182113716
400867,528099,15.902191661853319
737755,957839,-5.033968702165428
74425,589532,15.649008736810858
568086,936020,2.7282015735807073
890113,853711,31.35181399598611
235170,569118,-0.08057666810826294
536265,528099,-6.319040658954618
530390,866793,19.9532558038695
977079,313852,9.43982338468712
389769,875119,0.13086941321717538
428998,49726,5.0082010067617295
97664,821099,114.72145608525055
575204,252161,3.3001784152326032
699658,528099,14.503138999967973
791435,70231,11.40323145615613
846009,85370,49.17023889638731
721150,676985,29.793847932640382
275713,111351,74.23202897254743
194857,412048,82.11248597597215
170550,402992,9.814760259995513
723044,417293,53.437218276617
754834,244124,3.0114113994669682
822352,199701,25.428942150203724
235170,352075,0.13051162871599942
177443,964047,35.775920580400154
969286,64135,385.4480135813424
987325,181501,360.76242803088013
617846,828819,389.8042610331262
33121,80605,41.195144308077126
956839,11502,85.88925488928146
367802,265964,24.94841108940164
888088,404921,2.7519596615333715
678529,133039,0.20879520899107207
520893,384028,17.530461072045703
809698,442180,64.10899115331472
165614,175115,19.02061534761542
736141,831838,12.875189130448314
96798,807942,2.5224484554051045
973459,352427,138.08897357682602
237425,157172,0.2207478507167518
809388,49317,-0.10761616201737878
545414,498393,11.25556628317873
208084,477242,6.048636496217428
994374,701088,-0.4451806666704629
572310,442180,81.92749289932505
640518,59550,104.97399376188442
83635,637840,0.06482254792939858
144562,173540,-110.33897392120474
776400,378771,18.183244041013115
16583,528099,24.423185135907445
190904,268162,-0.00708134245225335
893916,124092,2.8970320743016327
179421,926341,227.53545363329644
701078,110225,0.35067957644592
202247,467336,-1201.9837236206424
930675,133019,19.835180696060164
852394,85370,1262.2470930861552
177443,746858,17.379409480665124
562020,530577,42.85401726116273
197033,748799,20.287413511423512
82245,853711,26.724347838544016
500846,359220,28.62391368049756
413789,325135,12.810791558148082
879323,989717,54.07818619259511
202214,779403,4.987041083660586
130226,617660,389.62142011351193
271278,15238,0.9264450966446094
994557,134783,74.99507282791262
227443,120514,16.414635206989967
85436,166932,9.693190392274692
430771,40691,289.231060635678
800567,313852,69.07315586792377
594595,272463,79.7947051875706
602238,838905,41.288705830513784
808515,706119,52.53658795018853
412878,311506,1.109580468049948
187384,698235,-2.660309020177528
356813,25918,783.8547416299498
984969,80605,1.253513158874068
416960,252161,8.563072337519117
40413,419839,22.847718061753614
502855,936020,20.84172824984189
844831,34924,23.283355832594705
949563,879164,2.154127909376815
50105,543648,8.717399469557579
152481,610392,13.115316747546261
434435,785196,7.241297140102874
33464,845427,18.31086474240624
948668,30376,0.7744825869013764
778579,957303,0.2510835335721309
961715,161791,-0.12989479028591056
873523,352427,21.20254699577149
578024,353431,8.350740104871388
304321,853711,600.2725524449901
791435,103828,2.466924808826031
417654,64135,21.103631542349618
749492,64135,7.933376176499182
185706,124806,13.663843504736432
350827,277274,-4.932534426338353
51230,634974,17.496979492722524
399905,203088,25.449253469851943
857999,404332,186.17135943112208
33464,303562,9.225473371663234
184614,977586,36.319978551787415
973459,166845,144.06385680512693
377658,668467,7.93839381117403
704863,578968,47.98279927028966
633359,880878,24.843668039379036
235413,209750,480.20340876619224
465371,372684,-0.8765349370828573
98667,207572,2.8304691122750087
619079,158396,49.310627982184
233229,768391,-2.919813779340537
845529,63682,125.26528193286265
322585,693469,4.816631960071587
277054,405050,-9.484304853756214
88833,744225,-1.3524098666955875
46456,914322,4.765921556543437
15762,668467,0.1038229830146229
647391,657859,18.076434038453264
239727,683627,230.9402343418617
501468,879164,0.6311358176369047
642482,209007,39.35658458894524
3028,209750,2.2354995753262137
212710,90870,0.9601957979441915
472016,28920,10.140721576585642
166292,530577,21.299968680537997
633359,191894,18.8940615093248
277054,133019,13.136230085365948
835622,197587,-5.185416616714519
423178,667537,1.4145288990791909
259639,974267,1.428216490176266
845634,419839,48.323252953804015
792165,134783,29.843741444494583
789430,155818,28.58948373505402
277054,343176,25.134059517620553
214829,191894,28.468507136330597
540926,279434,-46.49706341732123
857941,706119,2.6090589656027117
764096,821099,96.64530329013203
834971,733338,3.6780096450244892
14468,675314,8.663757433416132
912908,493058,71.23322033643637
853921,172260,-8.714099353018746
164135,337273,110.08462296265411
469062,129281,0.6197023424874817
416960,166932,8.442150935317455
45937,904169,0.3345332162748938
834376,169708,27.275859425727543
909173,175115,186.11823144876962
920883,660174,22.963962780829725
965592,930577,4.196661777569567
406426,950993,1.107016933386759
103910,7391,4.358400372286622
730687,133305,0.02993128423177098
629573,116583,7.150285576110608
277054,956375,-153.96706398163337
803618,927649,6.384186205386216
275753,390190,-0.7917476839485283
680728,71619,1.2681034410534193
676545,419839,101.58029350148568
821622,665171,-116.8101922795882
342670,947232,-1.0606425475613985
494923,282435,177.75467268383483
6135,493058,18.86043389851557
931169,473976,-53.29176468850487
655693,85370,213.0474577934396
492472,64135,9.218012392586655
364034,842353,47.281500064172214
25155,645622,-3.174938485107692
677058,720245,40.472509504909766
422091,112277,-0.13269974258598952
170550,302845,6.514707725433552
402769,175115,331.81763551453776
454897,516667,0.49428493232335435
824555,28920,2.514512703776914
971793,765004,18.036529249146867
292771,124092,322.7497562305467
103538,357600,15.788491632426373
124877,440242,2.291041473728956
706244,614148,17.89344027411711
88225,361613,408.97467480578723
699074,541838,-1.248795353187292
459393,251377,5.145507555416886
607890,95297,28.863482616290263
369563,839911,4.497347206225973
421565,134783,100.27364304005933
72738,9090,0.02495100263430104
396793,169708,8.1686783436419
594595,442180,140.56186027300228
971793,810277,11.417280741211124
445584,124092,301.3313353837814
189623,442208,308.33652841677326
617795,830738,70.36135942275405
896821,576534,34.917580124526076
743325,671604,17.53538409242578
960206,357600,0.8646115189066418
49050,64135,132.8947204258913
141927,618578,-1.1577418537795285
966008,5626,26.49759901703995
269980,674187,2.2013647640854344
402769,85370,244.32435046415816
370851,943498,2.9172007890206992
625230,676985,32.28633950791167
995957,853711,506.81950454203525
539688,707607,433.9759727751833
155813,866793,548.9878547047304
144562,158396,29.00762070789132
50241,608480,0.6047434140725094
504523,342381,14.748344116142224
757732,337273,1154.5516822975128
548221,282435,169.15934312425878
951876,693469,34.38455924061054
287882,955087,8.163179673224707
890152,879164,18.588759274643152
320710,322141,32.779641752913754
638857,369725,1.4684139942755035
546836,218845,-2.814544174595117
502818,660918,-42.39607598700873
725812,753436,162.30932525225361
865119,332403,237.1311278563456
568086,532822,11.159194905027144
620868,433133,14.342366270291782
132031,555325,72.22016586587469
778959,332403,40.97450056276659
33464,750287,9.950488897788405
382421,270910,2.372581650354461
638857,845427,10.191831631274344
687155,158396,18.04900881624542
252634,21244,183.03210194952106
259639,503267,-0.03099524485080045
663510,676985,7.85224852681588
854305,303562,12.646963638126334
30564,812449,1.3336376992862309
249741,683627,1037.9013708343782
204172,347465,50.46804547671842
91419,208721,8.899672456897024
749492,158396,6.55578489602414
713644,175115,134.27372811313393
196165,358492,4.670466540345959
411790,220331,3.99520778792305
929711,337273,74.16921504921956
484907,134783,14.917053734237252
568086,576534,9.087760629152392
889517,516044,5.528694604706099
559248,429117,49.72922157480425
497387,807942,24.434625779732034
341782,633474,13.895011289479086
294105,546334,49.56075330252307
651183,974267,51.838400745690755
983674,196949,68.57796503924313
10146,644221,6.401597464008728
835455,618674,2.3352987332229582
459818,652478,25.783937882454214
751455,712748,51.76357447461639
269328,567422,0.8366795104803884
499932,892846,15.617241882604038
179421,442208,2419.463312185809
758559,516667,0.12318557164144432
742254,208721,11.36108718787088
522992,830738,42.38763801278472
518921,962732,-23.893395822679025
593103,765421,6.142885687457681
85752,577053,0.08241415597925453
149654,550395,29.618034826386182
965700,475471,5.700632681244558
84439,530632,62.46555072408233
663510,528099,12.109345076407683
888300,923116,20.70463102340659
648669,660918,4.680225679507435
685892,442180,91.0712702012561
877034,263311,11.22853638844372
196145,442180,379.25960067157496
165117,520816,-4.13690468718086
166694,407954,2.1300152993874986
709789,124092,703.8717538693468
452902,442208,114.92413896308133
49766,880536,3.4258111087588587
90694,978372,2.228324502465906
582638,978372,3.5123081206987288
548221,155818,44.54533109620673
3859,107692,-0.17350766243752402
33464,71619,30.844991489458984
460157,64135,87.19833995015173
239727,567422,39.37453065242616
253537,936020,0.030286410615651634
567216,306419,19.28209077569593
807227,15238,21.59032432811622
614445,731343,10.46961262023743
690769,172260,1.724081069853448
541424,465904,-0.1399334458623203
677984,222168,7.976075899966984
103910,858686,0.25287052486139494
617866,175115,4.409377644374436
278830,449058,5.47466646798613
711678,610392,116.99983649982498
541424,950993,25.501232589135295
552585,998913,12.350946958080502
59627,322141,42.60379853927999
821622,695522,-648.6170065702191
470255,510309,0.5700914126102927
514757,90870,8.152196248368746
945089,634962,0.5732657946363722
184614,297030,4.478242179012442
713609,62959,22.434929914342042
856725,134783,35.57744088316937
914075,205688,192.7432179620676
826214,701088,303.79977947642556
52457,175115,300.8157927578782
952776,361613,6.771407094804706
433030,54879,4.200457951553313
583366,24488,-7.0095713916676194
528461,866793,117.88321180498102
364034,841918,59.503035265722026
296676,163987,26.104336475047173
142118,24488,4082.2859776790847
180375,122935,349.5348161437006
588774,880878,33.053705093680335
13163,668467,0.611600957425834
399905,103828,3.0469499537373843
319372,397791,574.4352812983518
687507,359964,3.1184960649795452
763494,142649,4.210275587494274
208084,285685,86.6093933922331
258017,442180,125.67320583545339
803618,668467,23.955705809409864
275579,62959,-8.183091413349132
968045,332403,140.31236988744263
483556,805598,-1.2936390416804873
779448,637840,4.224163400161604
145308,516044,42.387093256360934
939428,18383,5.423116898552318
252585,194983,1.2461832126364847
305246,156463,145.0056140376061
803618,429815,-196.01522065790465
725592,710003,0.6811192989984776
339202,737971,30.324851596490788
235126,322436,48.388709901522354
28913,13960,-0.6724179105829807
364412,681692,23.755337841435416
653180,176088,8.31528180309193
994374,412048,-1.822928076336162
878123,955087,10.166126263032046
617317,203088,230.68014580154463
553396,490812,3.728887222895981
469487,361613,164.3696931017635
67558,307791,-16.986465440356913
278374,876369,0.844455360974915
700784,461718,-74.00515736470227
623472,175115,347.50012505384007
320710,266291,19.075449286571967
702370,940359,35.253101081413156
834971,309284,0.756849432120645
962823,272463,119.2687435371533
142105,619680,4.563821082526467
100501,807574,0.11928310018987198
18043,858686,0.8061522175100173
294105,923116,219.73214936443063
87420,720245,30.342421604516414
499932,955087,19.353046574261352
940285,172260,-17.2146347652157
789805,577053,26.380070260394902
134594,964047,276.82477367493567
500189,389719,13.58455828980945
526882,878826,45.42428658781129
640827,21244,47.83100554041225
580763,259282,22.098031263905582
926638,359220,264.99755439839385
807227,67592,-143.96760753994616
280445,203088,223.2872660354916
724664,25918,76.04440470741707
106422,349340,-0.18227901866519636
224720,282435,211.0813093727753
18043,156463,22.413029588467296
308469,539831,19.47076114740464
523601,203996,111.54811741527621
783758,545918,7.751555425057009
212710,97764,1.8694801210953478
731718,760269,18.032494739954117
736141,62959,9.646182841893133
694461,365434,0.18034639155117785
235170,421331,-0.018733388179657175
236412,173540,10.581370508761804
772279,71619,62.690353765834494
914075,110225,14.868269172168935
5795,268232,4.155408281703852
68228,481574,22.780623900620874
17887,15238,7.552261088380664
469215,194983,17.31880974742036
862531,397791,16.02817498453358
680731,161791,83.06868964183221
177443,203088,90.06606916430292
503376,843807,7.596704198025917
933875,614148,64.41012188203293
241456,13960,13.287280229012062
239727,168040,641.9655810879475
902967,323714,14.131498113411096
960230,680503,20.960064397379952
760280,166932,215.43195616017238
900354,33540,-7.464226860404398
984969,76710,1.2072956393373264
387838,765421,109.4325742218308
225106,567422,14.505146570293864
405415,199666,108.3388043591854
415685,289302,153.3227505573906
802814,528099,183.6468745579076
873017,361613,41.9126829570855
718042,134783,51.79521145901918
190904,384028,1.0674611610765696
351902,175115,222.21862725871122
974428,107765,10.814177191750996
9421,861245,0.05125993029620281
32806,427016,194.19958959782517
52457,219307,-1.6736648236033473
637061,354754,0.10609957778712287
767243,810856,147.44872048904216
220422,885751,7.476417184035519
93095,217900,0.29063309376699736
213799,211286,8.08684340027199
505547,837412,89.24861245867768
729324,528099,18.326772860927772
539688,918042,2128.645905775481
835622,695522,-4.415544076589755
519934,429815,-1.5214964033982312
52933,217961,2.253287729332239
395918,792241,0.547826715340773
360936,354754,0.6022277749897701
846666,614148,9.35788195965915
452902,404332,1.1444269864935068
517362,707607,56.19367989410511
891512,244124,88.2484993855169
862066,853711,75.60297582523678
461869,701088,10.184309374492686
606750,384028,71.7636281528023
485327,841918,14.418567463831033
50241,431125,0.16014137103574844
383577,617660,-38.63215838645837
38683,43041,26.29010576105474
593162,453204,13.735997502498169
90694,219307,16.39590645175404
726374,254605,1.6548453139415555
983433,467336,49.469589211694036
831804,444328,3.8987305817654074
833800,359220,8.383023545808733
402936,617660,-59.95297884452136
87420,720245,30.342421604516414
898415,22989,0.8459656875358564
983979,614148,11.962263219966749
804583,143052,11.723295417847932
916590,250431,4.102284978877746
782910,134242,0.580816177385597
472734,453204,24.86096304411508
72444,324722,0.3946430948632052
614445,693469,62.5974317432278
943078,266516,11.326735732444316
980347,945506,19.300098292037262
257737,828986,7.7211033232656785
984969,62959,1.3319587118972882
336630,7391,1.157792306244184
943753,701088,25.865080127905596
240589,134783,378.7684741683041
68739,178147,2.2559985044194013
933875,821099,8.150714238738955
639932,175115,81.59483375464816
394479,442180,144.58120688377406
462373,407954,7.910664057532073
909495,617660,-5.828250193652257
949563,731343,12.192563871134336
377863,762154,-0.7153853350799247
385467,38684,0.04409395649141899
170321,608480,5.8068895852778315
900354,926341,97.53256685880797
778959,712748,37.442886767417136
560178,282435,208.85774063980278
820777,878826,71.31482797901351
960673,265964,23.543754649659295
886454,812449,0.6160917205664916
562020,965622,31.04062888978418
377319,419839,30.75036306649875
675367,366172,5.13602608045803
387838,567422,12.642864004587647
767217,113347,-22.133579059310108
560009,706932,2.599331780713542
654187,950005,-0.3169769797447298
290643,416657,57.84571584738667
386404,853711,175.59783987639193
55053,975724,6.6389159759601855
365616,212366,0.06247101016462566
640322,737971,41.97743949696244
573417,789786,-4.873564924215914
709789,569289,58.332898222111
946410,926341,38.44402452298608
229999,322141,10.931636935930428
940375,689582,36.68939602678803
198599,306419,52.44576645743849
981277,530632,9.109827753471787
36420,349340,5.020924538714081
24901,352427,1.8738998814342618
409386,181501,620.8132762856276
412878,930630,6.191558498681162
112134,289302,132.28449225445124
675367,156463,83.6879908530108
975124,46820,-1.1137485579545778
216482,631627,-23.01132832523646
144562,577053,242.72568566222427
254511,828986,19.031138347728298
960230,138281,1.0963198048330733
380320,930577,9.57631647573744
213860,579967,0.9003920009833468
383236,914322,6.289810139105159
905328,544583,9.576503090536631
21793,54879,8.412397377825327
322250,149616,9.966521368951927
798855,297030,1.963330961185764
835622,138281,-3.006526995434217
393955,978372,1.5631523383503223
865822,417921,28.351454268740078
616467,516044,0.5450349503455408
703680,46897,4.67271451136018
550465,453204,29.50285994770039
654489,357600,63.10780496782463
991074,853711,52.946798127586476
632109,268162,61.542961951556876
596439,737971,7.420117624641493
865119,689022,22.74694238373336
253537,947232,-0.39822064848912
83635,59550,39.131072731150766
769063,834789,29.0935977788225
517362,342381,47.12765966418107
49766,64135,2.9491955711556535
980278,85370,136.3140531050342
511970,722609,4.24679329649475
24356,11502,-145.0745019342902
368452,810856,32.42316425253107
656073,580997,410.6526359871024
310461,589532,84.7025389098997
367563,659843,-0.1723293792446054
391289,285685,80.63875532662546
976972,303562,12.656565569708096
510457,175115,376.1467722575808
376613,384028,376.08398346956574
789430,785196,3.372206647809925
226076,407444,19.215337876810242
755948,561941,-0.5226063142586035
511164,467336,408.204114318844
151062,720021,7.361066074234044
170321,166932,3.1779011610098253
508816,683627,1466.9374536343146
738689,892846,3.8373218602020027
144771,244124,69.63633686730864
881238,176088,7.842683667743962
803238,977784,4.241132228425193
539688,63682,135.298402805805
680396,219307,17.926830497098695
930068,882140,39.16803497445139
212644,432427,9.743896999126843
900354,419839,-50.83744592258003
639932,845427,1.9842177399661625
216482,39515,13.841705866811555
550269,181501,34.520858561382205
132590,543819,0.39053616872833113
481517,516044,-7.244551387423062
798855,866793,37.613019414306095
75683,24488,-16.741780981363174
135234,898797,2.1280414144691706
12778,577464,2.8147151669447235
727821,356630,0.6715603759190509
469215,107692,73.79963780535283
820860,598237,8.118999973854429
142230,837094,383.2508195033202
715340,735702,0.2882765972702557
39732,944806,125.2467990709293
681518,843807,2.1102422484436514
277770,714905,41.440359936228404
396606,24488,4.012258966213187
834376,133019,56.62648223435097
504523,453204,8.433095721511659
544870,912372,-7.979074823790566
828735,501406,0.5254697964805546
196095,662929,18.49157566097177
342670,577053,238.8345948732098
560009,825117,31.416770880741378
101403,714905,72.96681614646108
892315,176088,8.054186781418958
951876,784421,36.02384755304055
909244,209750,7.202559481731125
900119,85370,9.92023792302226
584862,158396,19.052861366863528
687395,524197,1.3910454548123339
609299,942223,1.7749864708710048
249741,546334,216.50275413727778
32806,539609,46.460051714410255
978528,683627,219.53067771331968
459818,66853,11.79729052354831
837613,465904,-0.43117178799133843
749499,639983,0.6251905177510252
950407,656648,-0.7859112441888605
735011,64135,1.1115536233956693
779381,467336,61.68207738558713
647391,795954,3.2961024804126264
293697,68618,28.29869172023416
584862,809762,2.0881953303907332
984356,885763,-1.8606231285734123
786116,175115,451.61985833994413
103538,298381,-0.7100912875732316
759507,789472,-0.13928261372824913
72474,259282,6.4344386595273635
500189,902478,12.352365160439062
229536,107765,20.383257336051244
226089,508949,5.860238119392439
725812,972871,-135.1661313279566
767217,175115,2935.4919105342137
968045,442180,669.300685742909
444135,181501,145.68544241545945
633359,301921,10.15248474307761
634006,156463,195.08014155676562
520152,322436,9.687379683587066
275713,493058,50.55457407807541
879323,945506,5.82174040756595
275579,828007,-52.601724157544844
607020,178147,19.588667500133507
322250,772796,9.415529595011208
492335,539609,138.57980326088006
226184,347465,7.745372104161373
898415,389719,3.074232492848123
105101,246334,2.89700801823286
204933,161470,6.994507227203862
939238,603814,0.006036809712595734
68690,683627,-9.957474927881549
133694,88581,48.36333355773813
316303,285685,112.04546583932661
87420,257446,4.672286638686136
136343,2864,-0.24749355322256875
402769,697735,58.44667898414806
953413,247498,0.36121888737336827
627954,203088,104.18643962354734
856942,30048,0.2547123063179081
931636,546334,180.16126120258292
711678,337273,193.40629826952173
441435,311506,3.2555062619440367
475415,73778,10.702389614532391
858239,39515,1.0449031991835078
881980,369424,94.12595868861699
567216,430087,8.623833884717643
596916,168040,49.481937898316865
18043,712748,24.9982463261972
525419,493058,73.08007174703522
110476,506071,2.5698411958741256
991074,193572,8.614657294635464
278374,94700,0.8430522730934762
308469,943114,4.046505369221373
555524,665463,4.674864618089501
878123,508949,-0.2619994948104484
285752,158396,0.4864787208762477
462373,155818,33.700489527280915
809388,880536,0.25215667834241584
513869,731646,-0.21097618416964264
377658,689582,16.02057507057155
864274,417999,6.507887946910268
351038,682351,62.591749865367746
67558,957839,392.9878041330633
968045,429815,1111.7408204812307
830138,807942,47.647280754487355
824555,622212,17.51197149629235
235126,400730,3.092445561604597
21488,332403,143.91184687477946
601148,671604,0.9510209660160124
140616,528099,10.899243369954522
183697,161791,-219.7032848565486
200909,728573,13.966357934159895
932825,776827,21.836426233578624
443018,652478,21.82412294528046
698431,323363,96.83811016682553
147687,894544,-9.05657423149737
304970,618507,12.384879208783234
891512,543648,79.7963568920815
825437,561824,34.42998186567297
534751,515741,5.073079949419535
964784,231924,11.042600681366162
411817,398431,-2.6436309103446263
1539,341932,48.106714760101426
600619,799335,-2.1626914300199265
183735,974957,15.955441804232466
519266,831838,193.47789410214367
459124,698235,-0.9218414661251808
653727,788259,2.0839436349090583
114939,289302,34.21818652603343
219737,733338,7.617847759321343
584862,901795,25.283026000640433
983433,505424,4.700209690594251
138166,684955,-6.085273583030754
583328,880878,24.808427147776964
555976,361613,214.05224597063096
749597,311506,28.959457899728697
456045,111351,36.32156023774848
363327,481574,-233.6218800391992
396793,30048,5.504887487339906
540742,361613,115.45532066692274
902967,501522,1.13148218063321
255026,132660,11.010632492488135
33121,80605,41.195144308077126
328648,173210,0.3943930753930772
607020,449050,17.761345458902337
68228,268162,1.5547472537806288
358531,890120,119.44087154352096
788474,276204,2.341746557173208
596456,665463,-51.5309028350908
500785,539831,1.184347823049896
307077,853711,6.163177564225701
897590,878826,58.84470138480533
290858,343176,48.6016216561426
200909,830738,46.505825852028664
656056,941421,-5.613679356338919
100501,785400,4.369460436887806
738728,498393,560.8538587348388
640827,301921,25.604041988166557
5334,325135,9.50366947539951
149710,46897,4.749400988355944
237818,736860,27.46675399121175
26577,228054,8.507182329175704
749519,168040,18.972253477489552
826268,426874,28.480345495138295
455432,866793,30.766497881023437
235452,196581,-6.227574187518704
494923,467336,224.8377573352143
406426,289302,-19.596926925927285
856942,708270,-0.3056866982159241
873129,13960,0.7549135397826311
956139,134783,5.06964902741892
677984,124092,28.806554295530407
748398,325011,-21.128549201428427
606750,634974,47.35989984957471
665381,417921,4.973145367210294
751455,272463,-13.394894907779316
73080,765004,169.2339678043341
98012,498393,16.23390352148882
455432,720245,70.13404097498702
303118,308431,1.7147956761383605
60438,464465,19.482088625985117
502855,48739,20.431911782567994
681584,322141,3.1951569187978137
662690,425848,205.41133534985468
742254,681692,13.792227274283468
302297,799263,18.82320515639347
164135,76710,11.84887716406987
295548,62959,1.8245952095491935
49050,121800,25.53079964705095
611037,363377,2.133365173683935
46049,546613,-1.0894504894948331
330908,429117,10.756513500611483
200909,546334,-5.206039037467759
801034,581871,0.15690125361600213
716303,950993,17.5824725757203
751813,337273,59.41138447330062
790396,742056,0.0909508745610958
192054,429117,61.20249507884266
626453,368515,-84.72882906493965
288324,558292,-0.9646677078113612
584565,652478,240.17493337100314
198812,289302,-26.542047457240592
363327,343176,16.740919707500943
176789,753400,3.604302731889511
379529,48739,4.840273808356323
529359,95297,123.06493878726836
951876,543819,-30.81551447308441
428286,59550,66.8174373895561
952776,662929,5.050497767346973
444135,353431,34.53577986414195
888338,964047,680.3213842896445
30727,217762,1.8585196373779342
691588,427016,23.934399103323035
655693,849673,13.77585152221649
263244,826122,0.07919573359822436
119426,853711,1055.4489899378082
912908,676985,-53.256631460066345
812593,235165,0.08342107713562792
40056,158427,43.71560672878424
303215,998913,84.20071013390265
195074,419839,0.9781820700846718
871393,203088,93.72539029187136
406426,64135,17.43173084280964
527585,352427,13.597738488612325
468051,693469,150.57220857578432
299012,79564,17.212246602859725
826214,845658,98.88780218707693
771079,880536,1.4762600315139052
501724,430087,9.96773981583973
522694,516044,162.4173291203737
766406,956375,37.790481585838435
652162,731343,9.544123915679588
42287,59550,40.410776488688605
723328,257446,1.5215938767209525
521751,417021,1.769907859625052
356813,565101,37.28441228338429
711678,707607,195.45583950890867
843911,337273,210.46199321060536
65347,998913,70.86575535490589
768985,85370,36.33962389617631
927322,397791,304.86600916451516
514757,172260,36.49100862313334
904490,85370,725.3491231978817
29341,850645,126.14176323064112
255026,880878,16.161965552296905
680728,615346,0.5695857412309436
189623,206481,10.051975756035405
783758,870565,15.249748319508267
146170,404332,-60.70628672989839
492335,530632,162.1961444145263
151121,494777,5.721767085713027
718042,282435,24.007375796646723
198916,175115,28.581322657805757
731718,68618,13.966697307863562
596580,672708,3.521368839350507
751813,332403,120.72081901245724
200749,283094,123.03199155765908
826214,668467,4.928654317799813
798629,947232,64.39442330943038
483900,212366,1.878677405217375
694983,690691,5.089154696660764
5795,603814,11.763293699392229
103652,841918,89.88489860087414
662733,419839,29.875003129380154
909826,926341,482.13581869528196
716303,244124,64.22550424469725
758559,124607,0.04810590066538463
272515,124092,931.7884674829056
809698,357600,24.876811297068244
32513,498393,33.16695293277704
17887,378771,29.17579325773503
529359,412048,-7.288067157146442
446114,124092,213.44908592546267
360729,681692,-1.1947448257407869
691588,657582,27.68937198249875
726374,682351,12.650082690887778
522150,639983,0.4983799372095825
495790,176088,31.674353611048186
698971,191894,62.759642489482154
845632,913129,0.1163091235991465
46098,896302,1.2894088094861063
996946,256944,31.8809557239454
275713,550395,81.36497231817978
428998,608480,5.554007133327704
555699,251377,0.010128114171451999
777468,45127,33.711560313351704
312559,362489,46.520468522250205
790396,112419,0.4933050824551576
764143,914322,0.26171195994199187
174752,85370,90.13778144461462
398903,161791,-489.5781690428345
104494,962732,240.158800720087
454013,535885,1.576125361839458
790825,159780,2.650075824787968
182339,643049,0.15658744186466067
596916,357060,6.4810029508804154
382421,231924,40.691368877032154
292139,289302,87.04340279992407
893916,924533,0.18353380377176548
535801,332403,46.43491790333253
784451,359220,158.2458859041435
187469,660710,-0.5635404235234136
351902,181501,50.03199559171154
476123,25918,52.38598747920594
117648,467336,-1259.7762058494952
508580,728573,1.519829312283511
46079,528099,8.541154212967363
680731,618674,25.048034800913836
263144,197587,-25.011429523312554
456096,454172,12.78480192879068
434435,43055,4.916900637736213
930582,491725,0.18682886554399555
469180,342381,9.098369029980148
723328,307791,-0.8337610709785606
101021,682351,297.05563845649624
177443,464465,26.49878780567719
104494,366172,41.73868314932364
932825,417921,37.053022604163054
921349,918042,-3.3149088791437813
5334,375031,9.429001792218486
360679,765004,13.013956102976845
889517,159780,4.731555733415862
792165,617660,13.453385073777836
742254,64135,39.87289554222848
295282,245332,3.5721647705301396
548651,175115,135.60418991269125
325302,996452,14.215849055824465
220422,898797,-1.0922982606205431
582638,87843,-4.019654617777297
781590,34924,17.17120119783487
781590,192063,1.224489052547767
881980,797471,-0.663543368012424
519266,63682,719.4498773166792
917331,842353,80.63517847324007
338199,616925,119.79099604224481
536587,199666,0.23589242311039263
674938,127368,0.8794775518521901
826214,285685,66.16084958761219
685281,306419,1.9841005477687408
145845,357060,13.099038138902428
555699,175115,57.97001993572084
846666,913809,8.72051989179925
458072,68758,78.64457543425922
504523,134783,-2.8958292906639
398335,493427,19.028034799684313
166292,558292,4.547467443761716
550465,481574,-97.61015687899456
197548,354754,3.8991368140387093
179421,810277,105.67574447705903
889399,156463,84.34979152170484
853921,103828,0.328551631159278
157559,272463,-123.96997140771573
945432,720021,4.036279844416948
803618,347465,19.068136788680974
416958,701088,33.71811788496853
162306,303318,3.10475037630031
774992,354754,28.231205165622605
109576,943114,0.5718753673680599
887152,111351,39.01291462153822
25050,998913,5.47983103967934
994557,332403,109.42369574179412
454897,865987,1.733309785266975
767243,419839,25.175195761639166
834376,124092,417.92378707941424
154186,209750,5.149611338612359
322585,323714,0.1736785096758271
629329,442180,4.5008147226805395
641245,845427,113.93350152030814
728367,419839,7.0309542593697145
635419,481574,63.269465732626266
302297,359964,10.225241709083152
897835,902478,20.771945309828357
593548,984203,13.494969955350589
128643,617660,1.6547603534478748
278830,342381,31.859121650623734
32820,556622,-1.0016055776931705
873729,926341,5.881184001989914
347609,30376,0.2406321920313343
617866,984203,0.46730934053541046
594395,577053,47.213504375616424
889399,111351,52.09020652584667
237818,887902,15.936252493133349
280445,853711,640.4249034676202
504578,647752,0.45640795113682625
873729,742092,19.222649799107515
434435,175115,66.34814593400823
152481,834789,14.049189681577843
199187,161791,-0.7382129602866728
930675,464465,22.011105241385962
773773,765004,29.89798480047611
840888,760269,2.02217958832212
144562,30048,16.08400770533762
831962,549883,77.54610340009283
162330,674816,12.668735587126752
508803,671460,-0.3376631370340162
627954,111351,11.890283111118967
789805,577053,26.380070260394902
820860,70926,5.828113604435958
194721,76655,8.159063583293255
194857,693469,88.64661924277486
566734,379168,-0.05348930686823611
715340,923116,5.675804247374189
218312,505424,13.762813489826215
296676,923116,119.80356371899248
166694,892986,-0.8467649809698489
402936,134783,84.92595340226437
253522,720245,137.7732481946406
447968,640643,43.233633490573396
288324,112251,0.3996837615304528
80991,530577,18.480137116185674
413862,176088,7.455453878344864
384852,930630,13.630923413481135
115791,530577,35.768279872953755
196767,219307,478.28532797168083
713644,712748,39.20790395223392
306906,968423,-1.8976734765222714
102809,230551,9.085275423237468
96798,695522,12.295330150449038
947148,378771,177.35666776350368
914527,218845,-1.0692444847783145
415534,141278,-21.32212560243244
545414,161791,-2.853674564772148
849071,569289,30.771406429985664
757708,828986,0.19433185876586864
9797,539831,12.127430344386415
363659,879573,4.79050466592213
633800,708918,-0.03606504339006693
846009,85370,49.17023889638731
326381,429815,291.9760462205179
303215,695937,69.27391972481038
960673,751476,4.258798691724356
255026,680971,-1.3794901295591881
563940,357060,5.3772839810960535
779163,182948,58.32477840159161
208084,378771,89.48145851563167
106743,21244,8.247888188966131
28913,107765,38.857668155854526
13713,419839,36.28688287322168
290643,359964,34.481300305069205
500846,785196,3.0209898226487115
875919,772796,1.944233508202698
824555,825117,43.09835147809608
573417,337273,1246.0127205339168
432054,589532,12.285619607813832
411093,332403,196.80879432345603
727337,382847,-13.654029211579484
528461,454172,203.7901267323323
791435,698415,15.288285482593
679489,444328,31.364965164901
183735,578968,142.58056045006936
619310,337599,5.822145807036885
633359,191894,18.8940615093248
959850,922019,1.0422321934375958
723044,589905,-1.272844363509038
454428,278805,3.8765814729361363
455432,95439,3.286535425780424
495790,879164,44.57422154413377
700784,477242,154.36801554170393
860559,481574,89.55566051535178
233713,442208,56.92984944322397
208084,998913,-18.328378164188553
791435,70231,11.40323145615613
937704,941421,8.251728313565422
240824,636297,81.45735358697542
189623,467096,54.15474496890593
773773,311506,2.5432927266265963
216482,631627,-23.01132832523646
930582,682351,16.622813233619706
508803,519863,0.4262107509368991
522150,831838,1.554423248533389
731718,366462,2.237309119986489
479968,797981,-2.137609752531506
208084,593896,16.938621771543467
492472,842438,-0.07000883802460187
389822,154796,1.5182056199513916
322250,490313,-5.252655905908953
50945,289302,61.620259451041626
376613,853711,1720.1067819386717
46049,728573,7.550796698317772
288123,191894,2.7126544444159717
941366,615562,9.985124190203749
573417,984203,56.20026865950544
456045,368515,1.1688108322611073
153473,337599,18.518633912902114
98667,998913,31.529969788143966
617846,852932,48.88860671127674
537780,735779,19.906320847607176
10243,992122,12.635423523688807
233713,366172,20.128189945319694
434435,821099,30.331673216704576
510562,230551,15.3379436856383
193676,158396,10.041086377018843
120748,660174,2.9030072282703214
900354,442180,246.63547131419116
220422,582264,3.8393863058459656
517910,546334,-10.06152222037539
178381,412048,83.92181283411942
217877,138281,-0.4513647443403155
160817,33540,3.7062828114105613
839495,975724,10.270159025573168
255620,124092,81.42818060770733
772157,7391,-673.5583144659495
187469,6139,6.953712860508082
374927,653526,-0.15337032964623995
475311,124092,36.46657754627349
208084,285685,86.6093933922331
60438,282435,594.1935365018754
280445,918042,778.5673675888221
144771,205688,307.68049589864734
961018,785196,3.3370345730723936
954515,877336,133.58631551222044
416958,662929,9.216650076275084
634006,926341,62.833390333510174
936230,560212,1.080588298810169
318384,713381,-2.728642087408676
443869,491725,1.4731164311683824
600619,481574,-54.86308666822533
834971,64135,1.9282977731353803
831804,151958,-1.3343330359494867
87432,876369,15.466018812082305
264895,569289,0.6485384008118729
968045,442180,669.300685742909
54907,652915,-4.078135857909197
926602,665162,14.40544609508609
533645,975724,-87.92278304463609
293697,955087,134.98025342039082
888300,845427,9.12525709572685
400867,217961,2.2909625196831427
430499,280800,44.815942120451126
10146,799335,-0.22985316576189474
981277,964047,8.460640252194766
23921,936020,-1.261457408704122
949563,681692,40.35771380922916
61112,633474,103.93909090921298
265728,30895,1.214639027370631
681518,918042,179.65632036122415
430499,681692,51.28723206658099
778023,680503,-4.745315406763219
14688,959059,2.836233908404431
40242,59550,0.156627257305485
617846,892846,-203.37338641359878
361097,626176,1.600375045668707
767676,531167,3.5218856835071968
528461,710003,195.26020983486072
422091,151958,0.12059840130467064
749597,203088,1327.3542419574972
47560,378771,3.9775975359594966
780239,200862,-0.3054971833218182
470255,694161,0.9360708387872764
974428,532822,1.9052216248057248
448151,638106,1.0236012871650244
857999,85370,680.5710384283448
364412,576469,0.3863257442015456
475415,73355,3.938388186381359
607890,124806,4.388675370180579
736141,407954,11.596762141365557
184614,964047,142.43368230362077
990076,458201,1.4341139118651858
504523,453949,1.6706050572463047
592059,835492,26.81700971360103
235452,556507,-0.10686193483947629
143176,782278,23.92928521484781
44162,807530,1.2399556286609106
368452,810856,32.42316425253107
517910,429117,5.492439684742934
425980,21244,45.66330353927002
98012,736860,2.413681847104036
257737,322436,9.985374882898585
352318,369424,0.18817138798444505
492472,579967,1.1548744513320195
945432,132660,1.896569199339547
518921,323714,45.6446173530014
208530,247498,0.8490650921975345
522694,366435,40.47951690702659
119426,203088,1636.8334967797841
374572,467336,441.185009630733
154142,90008,82.61021432318609
838520,676985,47.82889006969494
468370,357060,137.5170708892264
277054,343176,25.134059517620553
975852,467096,38.30019202613446
331478,166845,54.3919790792461
810801,313852,79.02879566251084
969286,626176,12.253725465104615
779845,817299,1.0565809380155444
149050,882140,53.8529364534912
971793,918042,154.6410785696439
45937,23763,0.2728962883899418
235170,569118,-0.08057666810826294
881238,271305,8.053490082697804
640322,43055,29.59407326236326
460157,991841,6.63373795506072
162330,947232,1.0794065342148542
160817,923116,57.370489268935835
501468,809910,-0.21407287948901538
725812,710003,90.2293730849626
212425,799335,-0.29116066936851526
85752,710003,0.43809776582998794
618019,94700,15.471740948843637
941366,161791,-104.30990817003858
980347,143052,76.44062919477518
90148,46820,1.4192082413037903
68322,442208,66.0355776572876
876906,95439,57.3848326311379
909495,693469,17.264422144828476
393955,437502,0.09659691578496624
916590,467336,15.717973410806371
59627,676985,23.331504864897806
154714,956375,61.89465097916124
561339,305861,0.39013385066716566
742254,814031,14.379371470500654
937704,913809,118.59218558944907
348868,639521,0.09957978247259047
98667,512894,-2.2224514261662547
381520,955087,0.24737218884663575
90148,359964,23.164670098740487
147716,555325,21.781482764431363
28913,528099,78.97626258913809
43130,404332,12.988800100782006
411817,710589,9.710703363440421
747027,878826,7.142134194087118
290643,695937,84.41110390893213
859160,965622,1.381157282771865
67558,530577,703.3048642753818
705632,817206,15.053896482665278
173252,358877,1.519026339892822
540742,610392,115.07730727221535
301337,203088,458.63271973317836
749499,244124,13.634784815455669
264058,64135,12.211253308672326
971793,354754,1.7885888140113884
564398,407954,3.9469497501338586
890152,342381,27.659770692985436
383236,412048,15.987334542718349
324193,582264,7.369212634080879
513326,66853,7.800504646306341
672617,580528,4.9355741849181305
784451,419839,30.868095560558228
583085,642163,-3.5123167886940445
858927,789786,5.375473931402719
834313,701088,-2.4426480221546853
527866,593407,6.445246375841172
515608,354754,5.147979499421356
195691,378771,30.193262288047105
423178,528099,101.84677320751273
940045,880536,81.50051889117863
552585,998913,12.350946958080502
149710,124092,417.3219835936659
266071,247498,1.640365887789167
820043,87843,-2.447340191048196
258017,683627,93.28532288347397
411093,550395,82.29604587275578
501724,318504,25.955212460134945
580347,110225,30.788937271769704
883476,384028,3.0888774111224766
498989,43055,39.214358270408574
166096,643049,7.883290374377816
350287,173500,1.7304081439068624
665978,812449,9.715497944104413
980278,203088,121.76300027597168
16154,961450,37.03904450716557
113887,722025,-223.08201476572353
689551,830738,1182.1642509371088
411093,561824,37.601209026863444
369563,828007,1.4710921170078366
852394,467336,539.1967258887836
240824,282435,1442.2059544229267
33893,475187,0.06285570722891101
763874,11502,2391.4351225385644
950407,45981,3.814524601703521
456045,429815,109.61323801611161
69792,482465,-5.358638836067885
476123,753600,60.71858023004633
779163,712748,129.43024925568236
485906,545860,0.26344857906736097
877276,765004,56.16355716925017
299012,109628,1.513961653237479
98940,24488,284.8867412536926
29847,65027,-0.035891424659329485
416960,138281,2.431270203298962
548544,149835,74.31383608590716
626591,689022,14.612836487644678
674728,993433,1.5689990053533736
607020,107692,5.350244480682937
224720,834789,33.83556154149542
349749,688024,11.843977283658694
617795,697735,134.9101359966955
515608,710589,4.00073896825909
69175,39515,-0.12520874580816127
128643,617660,1.6547603534478748
452902,134783,33.05459562814587
890113,697735,1.4412459786288532
292771,46897,-2.4733411453124594
757708,839768,0.3866108020018732
763494,638106,6.009743647416982
500785,803231,-0.15557590278686517
863817,427016,12.939632088628077
983003,668467,19.664591459504916
522694,864429,12.057663240148676
43101,662929,28.906596510411948
517362,332403,122.04470797682826
534751,59550,48.1945621555175
594395,113347,-6.571473027176265
929711,950993,22.46307139517168
255026,244124,16.044456126380958
287882,298381,12.206024372164183
280445,577053,202.30396708739417
648669,357060,-7.458021007234873
550427,195861,13.21836595977101
645071,676985,16.741269263989427
453432,288799,0.08360972806652793
803238,235165,16.416449363081625
165614,134783,9.243733155718383
887152,429815,167.69202217863275
216482,838773,15.55538177691321
425517,516044,15.643598488893073
860559,449058,-2.2605231984219842
285752,837231,0.1627022263794503
641770,2518,-5.504201126642685
109353,168040,2259.724923544589
834376,660710,17.85043895176567
32806,652478,101.66726821389419
235413,244124,464.871746211725
485327,276204,-0.5422841644359576
367563,680971,-0.17267527428623575
100501,494777,8.787005512586747
696596,205688,99.93416247892009
583085,121996,2.0447917734515824
847991,71619,3.15822334703028
117648,209750,63.41021062969219
439902,544583,0.6312962936949774
377319,593407,2.7540306688753597
198694,282435,109.58933784716615
463435,944806,0.532557340896505
272968,168040,30.227172744072654
172715,779403,4.663206785902429
144919,419839,73.83676030898759
782910,644221,9.371684880524965
185660,841918,26.009509682560687
539162,22967,1.5419052775405915
680396,874488,1.6657604204868035
454428,134783,86.31646515061864
952776,85370,223.58829225231213
629589,440242,26.283084625597088
274429,313852,37.63278177356138
295282,972871,-0.6372217314035468
277770,493058,81.22596977039359
118098,141278,-1.7242540820636485
425517,831838,99.5331233740363
285752,191805,4.716120819944473
86582,70231,39.38269486897643
391445,918042,508.7700909356536
817147,746858,0.9091134188075207
417654,875119,-1.7058606757483887
553396,356630,9.307880716438174
974428,64135,29.80386154232441
239119,50627,26.602821297248774
827354,231924,14.901043756662627
926638,672373,63.74825966590556
485420,890771,-53.04056586676989
217877,926341,32.44573013282737
854305,303562,12.646963638126334
589745,695073,0.05135136494190743
138166,572683,-9.807339683621086
611037,767751,5.665718438717306
508803,341932,4.065521223883179
343297,244124,6.710625244672391
560178,845658,565.239104556627
364315,924533,-47.39764068474451
672617,62959,8.402786460915811
447121,545860,4.607935828291643
723044,230551,30.186581850077864
473629,831838,111.41942554746265
46079,586320,-3.4611167644071608
842403,618540,4.0878684562078
184614,945506,65.34675252672315
536265,913809,20.796504126422516
812593,681692,3.0535642185722023
263666,181501,7.441138096640717
923376,279540,0.11117336131356377
615851,956375,55.64510713784835
677058,64135,996.7415330592219
849071,918042,2617.4608341549533
555524,257446,1.584879832173455
588548,530577,81.09071128615875
875987,432302,0.1571657163155138
826214,442180,338.09828497201823
270111,217762,1.5300677591741407
620114,528099,58.83774040160963
983003,668467,19.664591459504916
307066,155818,-39.03008936443068
623472,15238,33.57373565447088
887152,278805,2.5002024593686674
517362,155818,252.11587892305437
687395,138281,-4.516852865245167
329721,219307,199.41195463844403
326381,685277,20.50297062364524
714512,892846,34.198544120035216
266071,24488,5.222225052827138
956532,24488,7.851731349284835
112134,322436,27.58033768548551
519861,442180,180.59197450856152
74832,866793,3.849952757706958
975124,244124,43.59350887227021
302819,419839,190.9310568962744
85752,467336,4.068825603581328
983003,287317,-1.7797851257461008
597966,64135,7.52888326054478
259639,481574,5.887039145890927
880633,398911,-0.4344385062771008
307836,810277,6.03267316531186
428998,62760,13.600615104624534
379357,378771,0.928025855928001
888088,154970,2.4472743174428992
791263,90870,10.289503363619277
527585,918042,-12.283114145671535
197117,765004,3.030992938866734
38878,225992,2.2085465429381386
